Timestamp,unique_id
8/27/2022 19:29,0
8/27/2022 19:57,1
8/27/2022 21:28,2
8/27/2022 21:40,3
8/27/2022 21:54,4
8/27/2022 21:56,5
8/27/2022 22:00,6
8/27/2022 22:18,7
8/27/2022 22:33,8
8/27/2022 22:51,9
8/27/2022 23:00,10
8/27/2022 23:04,11
8/27/2022 23:12,12
8/27/2022 23:16,13
8/27/2022 23:19,14
8/27/2022 23:39,15
8/27/2022 23:39,16
8/27/2022 23:40,17
8/27/2022 23:41,18
8/27/2022 23:43,19
8/28/2022 0:28,20
8/28/2022 1:39,21
8/28/2022 3:19,22
8/28/2022 4:13,23
8/28/2022 4:38,24
8/28/2022 4:40,25
8/28/2022 5:05,26
8/28/2022 5:16,27
8/28/2022 8:36,28
8/28/2022 10:30,29
8/28/2022 10:38,30
8/28/2022 10:54,31
8/28/2022 10:59,32
8/28/2022 11:08,33
8/28/2022 11:13,34
8/28/2022 11:25,35
8/28/2022 11:27,36
8/28/2022 11:36,37
8/28/2022 11:39,38
8/28/2022 11:50,39
8/28/2022 11:54,40
8/28/2022 11:55,41
8/28/2022 11:58,42
8/28/2022 12:08,43
8/28/2022 12:12,44
8/28/2022 12:15,45
8/28/2022 12:23,46
8/28/2022 12:30,47
8/28/2022 12:32,48
8/28/2022 12:37,49
8/28/2022 12:39,50
8/28/2022 12:52,51
8/28/2022 12:53,52
8/28/2022 12:54,53
8/28/2022 13:01,54
8/28/2022 13:05,55
8/28/2022 13:08,56
8/28/2022 13:09,57
8/28/2022 13:18,58
8/28/2022 13:22,59
8/28/2022 13:22,60
8/28/2022 13:34,61
8/28/2022 13:34,62
8/28/2022 13:42,63
8/28/2022 13:43,64
8/28/2022 13:46,65
8/28/2022 13:48,66
8/28/2022 13:55,67
8/28/2022 13:57,68
8/28/2022 13:59,69
8/28/2022 14:00,70
8/28/2022 14:01,71
8/28/2022 14:02,72
8/28/2022 14:04,73
8/28/2022 14:04,74
8/28/2022 14:07,75
8/28/2022 14:08,76
8/28/2022 14:10,77
8/28/2022 14:10,78
8/28/2022 14:12,79
8/28/2022 14:14,80
8/28/2022 14:18,81
8/28/2022 14:24,82
8/28/2022 14:25,83
8/28/2022 14:26,84
8/28/2022 14:29,85
8/28/2022 14:30,86
8/28/2022 14:38,87
8/28/2022 14:41,88
8/28/2022 14:45,89
8/28/2022 14:47,90
8/28/2022 14:49,91
8/28/2022 14:51,92
8/28/2022 14:58,93
8/28/2022 14:59,94
8/28/2022 15:02,95
8/28/2022 15:03,96
8/28/2022 15:03,97
8/28/2022 15:07,98
8/28/2022 15:09,99
8/28/2022 15:22,100
8/28/2022 15:32,101
8/28/2022 15:41,102
8/28/2022 16:04,103
8/28/2022 16:07,104
8/28/2022 16:07,105
8/28/2022 16:08,106
8/28/2022 16:13,107
8/28/2022 16:15,108
8/28/2022 16:15,109
8/28/2022 16:15,110
8/28/2022 16:15,111
8/28/2022 16:23,112
8/28/2022 16:27,113
8/28/2022 16:30,114
8/28/2022 16:30,115
8/28/2022 16:32,116
8/28/2022 16:34,117
8/28/2022 16:37,118
8/28/2022 16:37,119
8/28/2022 16:53,120
8/28/2022 16:58,121
8/28/2022 17:14,122
8/28/2022 17:14,123
8/28/2022 17:15,124
8/28/2022 17:15,125
8/28/2022 17:19,126
8/28/2022 17:27,127
8/28/2022 17:32,128
8/28/2022 17:33,129
8/28/2022 17:37,130
8/28/2022 17:40,131
8/28/2022 17:41,132
8/28/2022 17:43,133
8/28/2022 17:54,134
8/28/2022 17:56,135
8/28/2022 18:02,136
8/28/2022 18:03,137
8/28/2022 18:03,138
8/28/2022 18:06,139
8/28/2022 18:08,140
8/28/2022 18:13,141
8/28/2022 18:17,142
8/28/2022 18:17,143
8/28/2022 18:18,144
8/28/2022 18:18,145
8/28/2022 18:18,146
8/28/2022 18:21,147
8/28/2022 18:28,148
8/28/2022 18:30,149
8/28/2022 18:33,150
8/28/2022 18:35,151
8/28/2022 18:51,152
8/28/2022 18:53,153
8/28/2022 18:54,154
8/28/2022 18:55,155
8/28/2022 18:56,156
8/28/2022 18:57,157
8/28/2022 18:58,158
8/28/2022 18:58,159
8/28/2022 18:59,160
8/28/2022 18:59,161
8/28/2022 19:04,162
8/28/2022 19:04,163
8/28/2022 19:07,164
8/28/2022 19:10,165
8/28/2022 19:12,166
8/28/2022 19:16,167
8/28/2022 19:18,168
8/28/2022 19:20,169
8/28/2022 19:22,170
8/28/2022 19:26,171
8/28/2022 19:27,172
8/28/2022 19:29,173
8/28/2022 19:29,174
8/28/2022 19:30,175
8/28/2022 19:30,176
8/28/2022 19:35,177
8/28/2022 19:40,178
8/28/2022 19:46,179
8/28/2022 19:46,180
8/28/2022 19:50,181
8/28/2022 19:56,182
8/28/2022 19:59,183
8/28/2022 20:01,184
8/28/2022 20:04,185
8/28/2022 20:12,186
8/28/2022 20:14,187
8/28/2022 20:14,188
8/28/2022 20:15,189
8/28/2022 20:20,190
8/28/2022 20:20,191
8/28/2022 20:32,192
8/28/2022 20:33,193
8/28/2022 20:37,194
8/28/2022 20:43,195
8/28/2022 20:50,196
8/28/2022 20:57,197
8/28/2022 20:57,198
8/28/2022 21:01,199
8/28/2022 21:03,200
8/28/2022 21:06,201
8/28/2022 21:11,202
8/28/2022 21:14,203
8/28/2022 21:14,204
8/28/2022 21:23,205
8/28/2022 21:24,206
8/28/2022 21:26,207
8/28/2022 21:28,208
8/28/2022 21:30,209
8/28/2022 21:30,210
8/28/2022 21:31,211
8/28/2022 21:47,212
8/28/2022 21:48,213
8/28/2022 21:48,214
8/28/2022 21:52,215
8/28/2022 21:54,216
8/28/2022 21:55,217
8/28/2022 21:55,218
8/28/2022 22:03,219
8/28/2022 22:04,220
8/28/2022 22:05,221
8/28/2022 22:06,222
8/28/2022 22:09,223
8/28/2022 22:10,224
8/28/2022 22:11,225
8/28/2022 22:13,226
8/28/2022 22:14,227
8/28/2022 22:14,228
8/28/2022 22:21,229
8/28/2022 22:30,230
8/28/2022 22:32,231
8/28/2022 22:38,232
8/28/2022 22:39,233
8/28/2022 22:39,234
8/28/2022 22:49,235
8/28/2022 22:51,236
8/28/2022 22:51,237
8/28/2022 22:53,238
8/28/2022 22:58,239
8/28/2022 23:04,240
8/28/2022 23:08,241
8/28/2022 23:19,242
8/28/2022 23:23,243
8/28/2022 23:23,244
8/28/2022 23:23,245
8/28/2022 23:26,246
8/28/2022 23:34,247
8/28/2022 23:34,248
8/28/2022 23:40,249
8/28/2022 23:42,250
8/28/2022 23:47,251
8/28/2022 23:50,252
8/28/2022 23:54,253
8/28/2022 23:56,254
8/29/2022 0:03,255
8/29/2022 0:05,256
8/29/2022 0:05,257
8/29/2022 0:21,258
8/29/2022 0:32,259
8/29/2022 0:33,260
8/29/2022 0:33,261
8/29/2022 0:39,262
8/29/2022 0:39,263
8/29/2022 0:47,264
8/29/2022 0:47,265
8/29/2022 0:50,266
8/29/2022 0:50,267
8/29/2022 0:54,268
8/29/2022 0:59,269
8/29/2022 1:06,270
8/29/2022 1:17,271
8/29/2022 1:22,272
8/29/2022 1:26,273
8/29/2022 1:34,274
8/29/2022 1:34,275
8/29/2022 1:54,276
8/29/2022 1:59,277
8/29/2022 2:03,278
8/29/2022 2:06,279
8/29/2022 2:10,280
8/29/2022 2:22,281
8/29/2022 2:25,282
8/29/2022 2:28,283
8/29/2022 2:29,284
8/29/2022 2:30,285
8/29/2022 2:30,286
8/29/2022 2:40,287
8/29/2022 2:43,288
8/29/2022 2:46,289
8/29/2022 2:46,290
8/29/2022 2:49,291
8/29/2022 2:54,292
8/29/2022 3:01,293
8/29/2022 3:09,294
8/29/2022 3:13,295
8/29/2022 3:14,296
8/29/2022 3:17,297
8/29/2022 3:21,298
8/29/2022 3:29,299
8/29/2022 3:32,300
8/29/2022 3:44,301
8/29/2022 3:46,302
8/29/2022 3:47,303
8/29/2022 3:49,304
8/29/2022 4:02,305
8/29/2022 4:02,306
8/29/2022 4:10,307
8/29/2022 4:17,308
8/29/2022 4:36,309
8/29/2022 4:37,310
8/29/2022 4:41,311
8/29/2022 4:42,312
8/29/2022 4:51,313
8/29/2022 4:53,314
8/29/2022 4:57,315
8/29/2022 5:06,316
8/29/2022 5:08,317
8/29/2022 5:14,318
8/29/2022 5:20,319
8/29/2022 5:22,320
8/29/2022 5:35,321
8/29/2022 5:37,322
8/29/2022 5:41,323
8/29/2022 5:45,324
8/29/2022 5:50,325
8/29/2022 6:00,326
8/29/2022 6:13,327
8/29/2022 6:31,328
8/29/2022 6:44,329
8/29/2022 6:58,330
8/29/2022 7:11,331
8/29/2022 7:17,332
8/29/2022 7:48,333
8/29/2022 7:52,334
8/29/2022 7:53,335
8/29/2022 8:23,336
8/29/2022 8:28,337
8/29/2022 8:37,338
8/29/2022 8:38,339
8/29/2022 8:39,340
8/29/2022 8:47,341
8/29/2022 9:01,342
8/29/2022 9:07,343
8/29/2022 9:13,344
8/29/2022 9:26,345
8/29/2022 9:42,346
8/29/2022 9:43,347
8/29/2022 9:47,348
8/29/2022 9:47,349
8/29/2022 9:52,350
8/29/2022 9:56,351
8/29/2022 10:23,352
8/29/2022 10:23,353
8/29/2022 10:25,354
8/29/2022 10:41,355
8/29/2022 10:44,356
8/29/2022 10:45,357
8/29/2022 11:02,358
8/29/2022 11:04,359
8/29/2022 11:16,360
8/29/2022 11:41,361
8/29/2022 11:56,362
8/29/2022 12:25,363
8/29/2022 12:30,364
8/29/2022 12:32,365
8/29/2022 13:09,366
8/29/2022 14:13,367
8/29/2022 14:25,368
8/29/2022 14:49,369
8/29/2022 14:53,370
8/29/2022 15:05,371
8/29/2022 15:18,372
8/29/2022 15:20,373
8/29/2022 16:05,374
8/29/2022 16:07,375
8/29/2022 16:28,376
8/29/2022 16:39,377
8/29/2022 17:04,378
8/29/2022 17:22,379
8/29/2022 17:32,380
8/29/2022 17:36,381
8/29/2022 17:52,382
8/29/2022 17:58,383
8/29/2022 18:00,384
8/29/2022 18:09,385
8/29/2022 18:13,386
8/29/2022 18:22,387
8/29/2022 18:47,388
8/29/2022 18:56,389
8/29/2022 18:57,390
8/29/2022 19:07,391
8/29/2022 19:08,392
8/29/2022 19:44,393
8/29/2022 20:03,394
8/29/2022 20:03,395
8/29/2022 20:04,396
8/29/2022 20:12,397
8/29/2022 20:18,398
8/29/2022 20:22,399
8/29/2022 20:47,400
8/29/2022 21:21,401
8/29/2022 21:24,402
8/29/2022 22:00,403
8/29/2022 22:04,404
8/29/2022 22:52,405
8/29/2022 23:20,406
8/29/2022 23:36,407
8/30/2022 0:00,408
8/30/2022 0:14,409
8/30/2022 1:01,410
8/30/2022 5:16,411
8/30/2022 6:05,412
8/30/2022 6:10,413
8/30/2022 8:00,414
8/30/2022 9:35,415
8/30/2022 10:10,416
8/30/2022 11:05,417
8/30/2022 11:12,418
8/30/2022 12:03,419
8/30/2022 13:07,420
8/30/2022 14:25,421
8/30/2022 14:43,422
8/30/2022 16:04,423
8/30/2022 16:43,424
8/30/2022 16:47,425
8/30/2022 17:33,426
8/30/2022 17:43,427
8/30/2022 18:15,428
8/31/2022 1:39,429
8/31/2022 5:45,430
8/31/2022 6:36,431
8/31/2022 8:04,432
8/31/2022 8:35,433
8/31/2022 9:42,434
8/31/2022 12:53,435
8/31/2022 13:20,436
8/31/2022 14:28,437
8/31/2022 15:48,438
8/31/2022 16:47,439
8/31/2022 18:56,440
8/31/2022 18:56,441
8/31/2022 20:40,442
8/31/2022 21:04,443
8/31/2022 23:09,444
9/1/2022 1:16,445
9/1/2022 2:32,446
9/1/2022 3:38,447
9/1/2022 5:01,448
9/1/2022 5:20,449
9/1/2022 9:25,450
9/1/2022 12:04,451
9/1/2022 13:13,452
9/1/2022 13:14,453
9/1/2022 14:56,454
9/1/2022 14:57,455
9/1/2022 14:59,456
9/1/2022 15:01,457
9/1/2022 15:05,458
9/1/2022 15:21,459
9/1/2022 15:24,460
9/1/2022 15:24,461
9/1/2022 15:26,462
9/1/2022 15:36,463
9/1/2022 15:50,464
9/1/2022 16:00,465
9/1/2022 16:06,466
9/1/2022 16:11,467
9/1/2022 16:30,468
9/1/2022 16:35,469
9/1/2022 16:38,470
9/1/2022 16:38,471
9/1/2022 16:43,472
9/1/2022 16:58,473
9/1/2022 17:00,474
9/1/2022 17:17,475
9/1/2022 17:27,476
9/1/2022 17:33,477
9/1/2022 17:48,478
9/1/2022 17:51,479
9/1/2022 18:02,480
9/1/2022 18:10,481
9/1/2022 18:11,482
9/1/2022 18:38,483
9/1/2022 19:08,484
9/1/2022 19:09,485
9/1/2022 19:36,486
9/1/2022 19:39,487
9/1/2022 19:39,488
9/1/2022 19:44,489
9/1/2022 20:02,490
9/1/2022 20:36,491
9/1/2022 21:05,492
9/1/2022 21:07,493
9/1/2022 21:14,494
9/1/2022 21:24,495
9/1/2022 22:38,496
9/1/2022 23:11,497
9/2/2022 0:08,498
9/2/2022 0:20,499
9/2/2022 0:32,500
9/2/2022 1:03,501
9/2/2022 1:59,502
9/2/2022 2:19,503
9/2/2022 3:06,504
9/2/2022 3:27,505
9/2/2022 3:32,506
9/2/2022 3:36,507
9/2/2022 4:06,508
9/2/2022 4:56,509
9/2/2022 4:56,510
9/2/2022 5:21,511
9/2/2022 5:40,512
9/2/2022 5:49,513
9/2/2022 6:20,514
9/2/2022 6:41,515
9/2/2022 7:13,516
9/2/2022 7:13,517
9/2/2022 7:29,518
9/2/2022 7:53,519
9/2/2022 8:05,520
9/2/2022 8:06,521
9/2/2022 9:15,522
9/2/2022 9:25,523
9/2/2022 9:54,524
9/2/2022 14:09,525
9/2/2022 14:31,526
9/2/2022 15:24,527
9/2/2022 16:14,528
9/2/2022 16:36,529
9/2/2022 19:20,530
9/2/2022 19:39,531
9/2/2022 21:14,532
9/2/2022 21:19,533
9/2/2022 22:18,534
9/3/2022 3:54,535
9/3/2022 5:27,536
9/3/2022 7:09,537
9/3/2022 8:53,538
9/3/2022 10:20,539
9/3/2022 10:41,540
9/3/2022 12:26,541
9/3/2022 13:52,542
9/3/2022 14:08,543
9/3/2022 14:35,544
9/3/2022 15:52,545
9/3/2022 15:52,546
9/3/2022 16:00,547
9/3/2022 16:24,548
9/3/2022 17:14,549
9/3/2022 18:01,550
9/3/2022 18:23,551
9/3/2022 18:37,552
9/3/2022 20:49,553
9/3/2022 20:58,554
9/3/2022 21:08,555
9/3/2022 21:52,556
9/4/2022 2:32,557
9/4/2022 5:01,558
9/4/2022 5:22,559
9/4/2022 9:22,560
9/4/2022 10:07,561
9/4/2022 10:48,562
9/4/2022 11:15,563
9/4/2022 11:25,564
9/4/2022 13:07,565
9/4/2022 15:41,566
9/4/2022 16:26,567
9/4/2022 17:54,568
9/4/2022 20:38,569
9/4/2022 21:29,570
9/4/2022 21:44,571
9/4/2022 22:32,572
9/5/2022 2:08,573
9/5/2022 6:29,574
9/5/2022 8:21,575
9/5/2022 12:10,576
9/5/2022 21:56,577
9/6/2022 9:40,578
9/6/2022 10:12,579
9/6/2022 11:15,580
9/6/2022 11:19,581
9/6/2022 12:36,582
9/6/2022 13:26,583
9/6/2022 14:43,584
9/6/2022 15:53,585
9/6/2022 19:27,586
9/7/2022 9:16,587
9/7/2022 12:32,588
9/7/2022 14:17,589
9/7/2022 19:43,590
9/7/2022 21:19,591
9/8/2022 15:06,592
9/8/2022 16:56,593
9/8/2022 18:12,594
9/8/2022 18:14,595
9/8/2022 19:16,596
9/8/2022 21:30,597
9/8/2022 23:40,598
9/9/2022 7:19,599
9/9/2022 7:48,600
9/9/2022 11:15,601
9/9/2022 11:25,602
9/9/2022 18:44,603
9/9/2022 22:31,604
9/9/2022 23:34,605
9/10/2022 2:59,606
9/10/2022 6:07,607
9/10/2022 9:06,608
9/10/2022 22:08,609
9/12/2022 9:39,610
9/12/2022 11:45,611
9/12/2022 12:09,612
9/12/2022 12:14,613
9/12/2022 12:15,614
9/12/2022 12:46,615
9/12/2022 13:31,616
9/12/2022 13:33,617
9/12/2022 13:46,618
9/12/2022 13:55,619
9/12/2022 14:20,620
9/12/2022 14:27,621
9/12/2022 14:29,622
9/12/2022 14:42,623
9/12/2022 14:44,624
9/12/2022 15:07,625
9/12/2022 15:12,626
9/12/2022 16:24,627
9/12/2022 18:07,628
9/12/2022 18:09,629
9/12/2022 18:10,630
9/12/2022 18:54,631
9/12/2022 19:03,632
9/12/2022 19:13,633
9/12/2022 19:41,634
9/12/2022 20:07,635
9/12/2022 22:24,636
9/12/2022 22:26,637
9/12/2022 23:09,638
9/12/2022 23:16,639
9/12/2022 23:56,640
9/13/2022 0:48,641
9/13/2022 1:55,642
9/13/2022 1:57,643
9/13/2022 2:17,644
9/13/2022 4:45,645
9/13/2022 5:57,646
9/13/2022 7:06,647
9/13/2022 7:12,648
9/13/2022 8:05,649
9/13/2022 8:36,650
9/13/2022 9:29,651
9/13/2022 11:16,652
9/13/2022 13:18,653
9/13/2022 13:58,654
9/13/2022 16:16,655
9/13/2022 16:34,656
9/13/2022 22:19,657
9/13/2022 23:06,658
9/14/2022 0:09,659
9/14/2022 0:58,660
9/14/2022 7:07,661
9/14/2022 9:56,662
9/14/2022 12:44,663
9/15/2022 0:33,664
9/15/2022 9:41,665
9/15/2022 11:09,666
9/15/2022 15:30,667
9/16/2022 1:47,668
9/16/2022 9:24,669
9/16/2022 21:55,670
9/18/2022 16:23,671
9/18/2022 20:32,672
9/19/2022 8:12,673
9/19/2022 9:37,674
9/19/2022 18:34,675
9/19/2022 20:09,676
9/19/2022 23:53,677
9/21/2022 21:12,678
9/22/2022 12:32,679
9/22/2022 15:03,680
9/23/2022 21:07,681
9/23/2022 23:05,682
9/23/2022 23:06,683
9/23/2022 23:06,684
9/23/2022 23:43,685
9/24/2022 0:42,686
9/24/2022 10:25,687
9/24/2022 10:59,688
9/25/2022 14:01,689
9/27/2022 8:17,690
9/27/2022 11:46,691
9/27/2022 13:32,692
9/28/2022 17:25,693
9/28/2022 19:37,694
9/29/2022 17:54,695
10/2/2022 7:52,696
10/3/2022 9:30,697
10/3/2022 10:00,698
10/3/2022 10:25,699
10/3/2022 10:53,700
10/3/2022 11:30,701
10/3/2022 13:01,702
10/3/2022 13:47,703
10/3/2022 15:38,704
10/3/2022 16:43,705
10/3/2022 20:03,706
10/4/2022 0:48,707
10/4/2022 4:50,708
10/4/2022 8:12,709
10/4/2022 8:53,710
10/4/2022 14:50,711
10/4/2022 19:33,712
10/4/2022 19:43,713
10/5/2022 8:58,714
10/5/2022 12:30,715
10/6/2022 3:35,716
10/6/2022 9:17,717
10/9/2022 22:15,718
10/11/2022 15:46,719
10/14/2022 18:01,720
10/14/2022 20:42,721
10/15/2022 14:00,722
10/22/2022 15:20,723
10/23/2022 20:50,724
10/26/2022 19:45,725
10/30/2022 7:24,726
10/30/2022 13:13,727
10/30/2022 13:15,728
10/30/2022 14:37,729
11/1/2022 22:26,730
11/3/2022 23:24,731
11/4/2022 17:31,732
11/9/2022 1:55,733
