age,hours_per_day,while_working,bpm,frequency_classical,frequency_edm,frequency_folk,frequency_hip_hop,frequency_latin,frequency_lofi,frequency_metal,frequency_pop,frequency_r&b,frequency_rock,frequency_video_game_music,anxiety,depression,insomnia,ocd,hour,minute,primary_streaming_service,fav_genre,age_bin,hours_per_day_bin,date,music_effects
18,3.0,1,156.0,2,2,1,3,4,2,1,4,3,1,3,3.0,0.0,1.0,0.0,19,29,spotify,latin,16-20,2-3,2022-08-27,3
18,1.5,1,119.0,3,1,2,2,3,2,1,3,3,4,2,7.0,2.0,2.0,1.0,19,57,pandora,rock,16-20,1-2,2022-08-27,3
18,4.0,0,132.0,1,4,1,2,1,3,3,2,1,2,4,7.0,7.0,10.0,2.0,21,28,spotify,video game music,16-20,3-4,2022-08-27,2
18,2.5,1,84.0,3,1,2,1,4,3,1,3,3,1,1,9.0,7.0,3.0,3.0,21,40,youtube music,jazz,16-20,2-3,2022-08-27,3
18,4.0,1,107.0,1,2,1,4,3,3,1,3,4,1,2,7.0,2.0,5.0,9.0,21,54,spotify,r&b,16-20,3-4,2022-08-27,3
18,5.0,1,86.0,2,1,1,3,2,4,2,4,4,4,1,8.0,8.0,7.0,7.0,21,56,spotify,jazz,16-20,4-5,2022-08-27,3
18,3.0,1,66.0,3,2,3,2,2,2,2,2,2,1,3,4.0,8.0,6.0,0.0,22,0,youtube music,video game music,16-20,2-3,2022-08-27,3
21,1.0,1,95.0,1,2,1,4,1,3,1,3,3,1,2,5.0,2.0,5.0,3.0,22,18,spotify,k pop,21-25,0-1,2022-08-27,3
19,6.0,1,94.0,1,1,1,1,1,1,4,1,1,4,1,2.0,0.0,0.0,0.0,22,33,spotify,rock,16-20,5-6,2022-08-27,3
18,1.0,1,155.0,2,2,2,2,2,2,1,3,3,3,3,2.0,2.0,5.0,1.0,22,51,i do not use a streaming service.,r&b,16-20,0-1,2022-08-27,3
18,3.0,1,100.0,1,1,1,1,1,1,1,2,2,2,1,7.0,7.0,4.0,7.0,23,0,spotify,country,16-20,2-3,2022-08-27,2
19,8.0,1,125.0,2,4,1,3,2,2,1,2,2,2,2,1.0,0.0,0.0,1.0,23,4,youtube music,edm,16-20,7-8,2022-08-27,3
18,3.0,1,100.0,2,2,1,4,1,4,1,3,3,2,1,9.0,3.0,2.0,7.0,23,12,spotify,hip hop,16-20,2-3,2022-08-27,3
19,2.0,1,88.0,1,2,3,3,1,2,1,2,1,1,1,2.0,1.0,2.0,0.0,23,16,spotify,country,16-20,1-2,2022-08-27,3
18,4.0,1,148.0,4,1,1,1,3,2,3,3,1,3,2,6.0,4.0,7.0,0.0,23,19,spotify,jazz,16-20,3-4,2022-08-27,3
17,2.0,0,100.0,2,1,1,3,2,2,2,4,2,3,2,7.0,5.0,4.0,1.0,23,39,spotify,pop,16-20,1-2,2022-08-27,1
16,8.0,1,103.0,1,1,1,4,1,1,1,1,3,1,2,8.0,8.0,4.0,3.0,23,39,spotify,hip hop,16-20,7-8,2022-08-27,3
16,12.0,1,120.0,2,3,2,4,1,1,3,3,2,4,1,5.0,7.0,10.0,0.0,23,40,spotify,hip hop,16-20,11-12,2022-08-27,3
15,3.0,0,120.0,1,1,1,4,1,1,2,2,3,2,1,7.0,2.0,0.0,2.0,23,43,spotify,hip hop,11-15,2-3,2022-08-27,3
15,8.0,1,120.0,2,3,2,4,3,2,2,4,2,3,3,6.0,9.0,3.0,0.0,0,28,apple music,hip hop,11-15,7-8,2022-08-28,3
17,4.0,1,125.0,1,2,1,3,1,2,2,3,1,3,1,10.0,10.0,2.0,4.0,1,39,spotify,rap,16-20,3-4,2022-08-28,3
19,5.0,1,118.0,2,3,4,4,1,2,2,2,4,3,2,6.0,7.0,5.0,4.0,3,19,i do not use a streaming service.,r&b,16-20,4-5,2022-08-28,3
18,2.0,1,79.0,2,3,1,2,3,1,1,4,1,1,2,3.0,3.0,8.0,6.0,4,13,spotify,pop,16-20,1-2,2022-08-28,2
16,3.0,1,84.0,2,1,2,3,2,1,3,1,3,4,3,10.0,6.0,8.0,10.0,4,38,other streaming service,rock,16-20,2-3,2022-08-28,3
18,2.0,0,169.0,3,2,4,2,1,3,1,4,3,3,1,7.0,4.0,2.0,5.0,4,40,spotify,pop,16-20,1-2,2022-08-28,3
14,12.0,1,136.0,3,2,2,4,1,4,1,4,4,4,3,8.0,6.0,10.0,5.0,5,5,spotify,rock,11-15,11-12,2022-08-28,3
18,6.0,1,101.0,3,2,2,3,1,1,1,4,3,1,1,3.0,2.0,1.0,2.0,5,16,youtube music,pop,16-20,5-6,2022-08-28,3
17,2.0,1,126.0,1,2,2,1,4,2,2,4,2,3,3,6.0,6.0,4.0,5.0,8,36,spotify,pop,16-20,1-2,2022-08-28,3
17,1.0,1,183.0,2,1,2,1,1,1,3,3,1,3,1,8.0,2.0,1.0,5.0,10,30,spotify,pop,16-20,0-1,2022-08-28,3
20,5.0,1,100.0,1,2,4,4,3,3,4,3,3,4,2,7.0,7.0,2.0,0.0,10,38,apple music,rock,16-20,4-5,2022-08-28,3
19,2.0,1,120.0,4,1,1,2,1,3,1,4,1,1,4,4.0,4.0,4.0,3.0,10,54,spotify,classical,16-20,1-2,2022-08-28,2
19,6.0,1,100.0,1,1,2,2,1,3,4,3,1,3,3,9.0,8.0,2.0,0.0,10,59,spotify,metal,16-20,5-6,2022-08-28,3
17,4.0,0,142.0,2,2,4,3,1,2,2,4,2,4,2,5.0,6.0,6.0,1.0,11,8,spotify,rock,16-20,3-4,2022-08-28,3
16,1.0,1,75.0,4,1,2,1,1,1,2,1,1,1,2,0.0,0.0,0.0,0.0,11,13,spotify,classical,16-20,0-1,2022-08-28,2
18,5.0,1,120.0,3,3,2,3,2,3,2,4,3,2,1,3.0,2.0,1.0,1.0,11,25,spotify,pop,16-20,4-5,2022-08-28,3
21,4.0,1,89.0,1,2,1,3,2,1,1,4,1,1,1,6.0,8.0,0.0,2.0,11,27,spotify,pop,21-25,3-4,2022-08-28,3
17,3.0,1,100.0,1,3,1,4,1,1,2,4,3,4,1,2.0,0.0,4.0,0.0,11,36,other streaming service,pop,16-20,2-3,2022-08-28,2
26,0.5,0,140.0,2,2,3,1,1,1,1,2,1,4,1,9.0,8.0,1.0,0.0,11,39,other streaming service,rock,26-30,0-1,2022-08-28,2
20,4.0,1,161.0,2,4,3,3,1,3,2,4,4,4,2,7.0,2.0,8.0,6.0,11,50,spotify,edm,16-20,3-4,2022-08-28,3
23,2.0,1,80.0,3,1,2,1,2,2,2,3,3,3,4,4.0,2.0,3.0,4.0,11,54,youtube music,video game music,21-25,1-2,2022-08-28,3
18,5.0,1,130.0,4,1,3,3,1,3,4,3,2,4,3,7.0,6.0,5.0,0.0,11,55,spotify,rock,16-20,4-5,2022-08-28,3
37,0.25,0,147.0,4,1,2,2,2,1,1,4,3,3,3,3.0,2.0,10.0,0.0,11,58,youtube music,video game music,36-40,0-1,2022-08-28,2
17,3.0,1,100.0,4,4,1,4,2,3,1,3,4,2,3,6.0,6.0,8.0,2.0,12,8,spotify,classical,16-20,2-3,2022-08-28,3
18,4.0,1,77.0,2,1,1,4,1,1,4,3,3,4,1,1.0,0.0,8.0,2.0,12,12,spotify,metal,16-20,3-4,2022-08-28,2
17,1.0,1,118.0,1,2,4,2,2,2,2,2,2,3,3,7.0,3.0,1.0,5.0,12,15,i do not use a streaming service.,folk,16-20,0-1,2022-08-28,3
36,1.0,0,132.0,4,1,2,1,1,1,3,2,1,3,1,8.0,9.0,3.0,0.0,12,23,spotify,classical,36-40,0-1,2022-08-28,2
24,3.0,1,115.0,2,2,3,1,1,4,2,3,1,4,3,9.0,6.0,4.0,3.0,12,30,spotify,rock,21-25,2-3,2022-08-28,3
18,5.0,1,157.0,1,2,2,4,2,2,4,3,2,4,1,7.0,9.0,5.0,0.0,12,32,spotify,metal,16-20,4-5,2022-08-28,3
19,3.0,1,90.0,3,3,1,4,1,3,2,4,3,3,3,7.0,4.0,2.0,4.0,12,37,spotify,pop,16-20,2-3,2022-08-28,2
17,2.0,1,128.0,1,4,1,2,2,2,4,3,3,4,2,0.0,0.0,0.0,0.0,12,39,apple music,edm,16-20,1-2,2022-08-28,3
16,6.0,1,169.0,2,1,2,4,4,4,1,3,4,2,1,7.0,8.0,7.0,5.0,12,52,spotify,k pop,16-20,5-6,2022-08-28,3
23,1.0,0,140.0,3,3,2,4,1,1,3,2,2,4,2,10.0,6.0,3.0,10.0,12,53,apple music,rap,21-25,0-1,2022-08-28,2
23,12.0,1,96.0,4,1,4,2,2,2,1,4,3,2,1,3.0,7.0,5.0,5.0,12,54,spotify,pop,21-25,11-12,2022-08-28,2
22,4.0,1,126.0,2,2,3,2,1,2,3,4,3,4,2,8.0,7.0,4.0,3.0,13,1,spotify,rock,21-25,3-4,2022-08-28,3
16,2.0,1,100.0,4,1,1,2,1,1,1,2,2,3,2,0.0,0.0,1.0,3.0,13,5,apple music,classical,16-20,1-2,2022-08-28,3
18,6.0,1,91.0,2,1,2,1,1,1,4,2,1,4,1,8.0,6.0,2.0,10.0,13,8,spotify,rock,16-20,5-6,2022-08-28,2
42,0.0,1,100.0,2,1,1,1,1,1,3,2,2,3,3,9.0,0.0,10.0,0.0,13,9,i do not use a streaming service.,rock,41-45,0-1,2022-08-28,2
23,7.0,1,55.0,2,1,4,3,2,1,3,3,2,2,3,6.0,4.0,2.0,3.0,13,18,spotify,folk,21-25,6-7,2022-08-28,3
23,1.0,1,85.0,3,3,2,2,2,4,1,3,4,3,4,7.0,0.0,0.0,2.0,13,22,i do not use a streaming service.,video game music,21-25,0-1,2022-08-28,3
19,1.0,0,160.0,1,1,1,1,1,1,1,1,1,1,2,10.0,1.0,0.0,0.0,13,22,youtube music,k pop,16-20,0-1,2022-08-28,3
22,1.0,0,108.0,2,3,2,1,1,1,1,3,2,4,2,8.0,7.0,0.0,5.0,13,34,pandora,rock,21-25,0-1,2022-08-28,3
15,2.0,1,156.0,1,2,2,1,1,2,3,3,1,4,3,3.0,2.0,6.0,7.0,13,34,other streaming service,rock,11-15,1-2,2022-08-28,3
25,2.0,0,170.0,2,2,3,2,1,2,4,3,1,4,4,5.0,5.0,3.0,1.0,13,42,spotify,metal,21-25,1-2,2022-08-28,2
32,5.0,1,91.0,3,2,3,3,1,1,4,4,4,4,1,10.0,10.0,3.0,1.0,13,43,spotify,rock,31-35,4-5,2022-08-28,1
36,6.0,1,174.0,4,2,4,1,1,2,4,2,1,3,4,5.0,4.0,10.0,2.0,13,46,spotify,metal,36-40,5-6,2022-08-28,3
24,3.0,0,130.0,3,1,2,1,2,1,4,4,1,4,1,0.0,0.0,8.0,0.0,13,48,spotify,rock,21-25,2-3,2022-08-28,2
29,4.0,0,140.0,2,2,1,4,2,2,1,3,3,3,1,8.0,8.0,5.0,10.0,13,55,spotify,hip hop,26-30,3-4,2022-08-28,3
41,3.0,1,130.0,3,3,1,2,1,3,3,3,1,2,1,10.0,7.0,8.0,0.0,13,57,apple music,metal,41-45,2-3,2022-08-28,3
36,2.0,1,127.0,3,4,3,2,1,1,4,3,2,4,3,7.0,3.0,1.0,1.0,13,59,i do not use a streaming service.,rock,36-40,1-2,2022-08-28,3
19,3.0,1,160.0,2,3,2,3,3,3,3,3,4,4,2,8.0,7.0,4.0,0.0,14,0,youtube music,rock,16-20,2-3,2022-08-28,3
31,2.0,1,100.0,1,1,2,1,1,1,3,4,1,4,1,10.0,2.0,0.0,5.0,14,1,spotify,rock,31-35,1-2,2022-08-28,2
16,4.0,1,100.0,3,2,3,2,2,3,3,4,2,4,4,9.0,8.0,1.0,2.0,14,2,spotify,rock,16-20,3-4,2022-08-28,3
26,2.0,1,165.0,2,4,2,4,2,2,2,3,2,4,2,6.0,3.0,1.0,1.0,14,4,spotify,hip hop,26-30,1-2,2022-08-28,3
22,0.5,0,113.0,3,1,1,4,2,1,1,3,3,1,1,7.0,7.0,0.0,1.0,14,4,apple music,hip hop,21-25,0-1,2022-08-28,2
16,5.0,1,167.0,3,1,1,2,2,1,1,4,2,3,1,7.0,7.0,8.0,4.0,14,7,spotify,jazz,16-20,4-5,2022-08-28,3
17,5.0,1,95.0,1,2,2,1,1,1,4,2,1,4,3,4.0,1.0,0.0,0.0,14,8,spotify,metal,16-20,4-5,2022-08-28,3
19,10.0,1,110.0,1,4,1,3,1,1,1,2,4,1,1,7.0,2.0,1.0,5.0,14,10,spotify,r&b,16-20,9-10,2022-08-28,3
18,2.0,0,150.0,3,4,1,2,1,3,1,4,2,2,4,9.0,0.0,5.0,10.0,14,10,youtube music,edm,16-20,1-2,2022-08-28,3
18,4.0,1,93.0,1,2,1,4,2,3,1,4,4,3,2,2.0,7.0,1.0,1.0,14,12,youtube music,hip hop,16-20,3-4,2022-08-28,3
19,5.0,0,90.0,2,1,2,3,4,2,3,2,3,4,2,10.0,8.0,7.0,0.0,14,14,spotify,rock,16-20,4-5,2022-08-28,3
19,3.0,1,118.0,2,2,1,4,3,4,1,3,3,2,4,3.0,0.0,0.0,0.0,14,18,spotify,jazz,16-20,2-3,2022-08-28,3
22,2.0,1,126.0,1,4,1,3,1,1,1,3,1,4,2,7.0,8.0,5.0,1.0,14,24,spotify,k pop,21-25,1-2,2022-08-28,2
16,2.5,1,103.0,2,1,4,2,3,3,2,4,2,4,2,2.0,1.0,0.0,0.0,14,25,spotify,rock,16-20,2-3,2022-08-28,3
19,3.0,1,77.0,2,3,1,4,2,2,2,4,4,2,4,5.0,4.0,0.0,1.0,14,26,spotify,r&b,16-20,2-3,2022-08-28,3
37,1.0,1,115.0,2,2,2,2,1,2,2,3,2,4,1,9.0,10.0,6.0,10.0,14,29,spotify,rock,36-40,0-1,2022-08-28,2
14,7.0,1,110.0,2,4,1,1,3,1,1,3,1,4,4,2.0,0.0,0.0,0.0,14,30,spotify,jazz,11-15,6-7,2022-08-28,3
33,1.0,0,100.0,2,3,1,3,2,1,4,3,2,3,3,5.0,2.0,5.0,1.0,14,38,i do not use a streaming service.,metal,31-35,0-1,2022-08-28,3
26,1.0,0,113.0,2,1,3,4,1,1,4,4,4,4,1,3.0,2.0,0.0,0.0,14,41,spotify,r&b,26-30,0-1,2022-08-28,2
32,3.0,1,157.0,1,2,1,4,3,2,1,3,4,2,1,2.0,0.0,7.0,0.0,14,45,spotify,hip hop,31-35,2-3,2022-08-28,2
30,5.0,1,160.0,3,1,3,2,1,1,4,3,1,4,1,7.0,6.0,6.0,2.0,14,47,spotify,metal,26-30,4-5,2022-08-28,2
43,6.0,1,109.0,3,4,2,2,2,4,2,3,2,3,4,5.0,4.0,8.0,3.0,14,49,i do not use a streaming service.,video game music,41-45,5-6,2022-08-28,2
24,4.0,1,175.0,4,2,1,2,1,1,3,4,2,4,2,4.0,6.0,5.0,3.0,14,51,spotify,classical,21-25,3-4,2022-08-28,3
36,1.0,1,110.0,3,1,1,1,1,1,2,3,2,4,1,6.0,2.0,3.0,1.0,14,58,youtube music,rock,36-40,0-1,2022-08-28,3
19,4.0,1,162.0,2,2,1,2,1,3,1,3,1,2,4,8.0,2.0,1.0,6.0,14,59,youtube music,video game music,16-20,3-4,2022-08-28,3
22,10.0,1,189.0,2,1,4,1,1,1,4,2,1,3,3,9.0,6.0,0.0,6.0,15,2,spotify,metal,21-25,9-10,2022-08-28,3
20,3.0,0,121.0,2,4,1,3,1,3,1,3,1,3,2,0.0,3.0,7.0,0.0,15,3,spotify,edm,16-20,2-3,2022-08-28,3
31,2.0,0,200.0,2,1,2,2,1,2,3,3,1,4,1,8.0,9.0,6.0,2.0,15,3,spotify,rock,31-35,1-2,2022-08-28,3
19,4.0,1,105.0,3,1,1,3,1,1,3,3,2,4,2,4.0,1.0,1.0,1.0,15,7,spotify,metal,16-20,3-4,2022-08-28,3
15,8.0,1,193.0,1,1,1,1,1,1,3,2,1,4,2,8.0,7.0,5.0,0.0,15,9,spotify,rock,11-15,7-8,2022-08-28,3
18,2.0,0,149.0,1,2,1,3,1,1,4,3,1,4,2,3.0,4.0,6.0,1.0,15,22,spotify,metal,16-20,1-2,2022-08-28,3
25,0.5,0,140.0,4,1,1,1,3,1,2,2,2,4,3,1.0,1.0,3.0,1.0,15,32,i do not use a streaming service.,classical,21-25,0-1,2022-08-28,3
17,5.0,1,134.0,1,1,1,3,1,2,4,3,3,4,2,10.0,8.0,6.0,7.0,15,41,apple music,metal,16-20,4-5,2022-08-28,2
28,1.0,0,120.0,2,4,3,1,1,2,2,2,1,3,2,6.0,6.0,2.0,0.0,16,4,youtube music,rock,26-30,0-1,2022-08-28,2
20,3.0,1,170.0,1,2,1,2,1,2,2,3,3,4,3,6.0,7.0,0.0,0.0,16,7,spotify,rock,16-20,2-3,2022-08-28,3
21,2.0,1,107.0,3,1,4,1,1,2,4,2,1,3,4,8.0,4.0,10.0,0.0,16,7,youtube music,metal,21-25,1-2,2022-08-28,2
41,3.0,1,113.0,3,2,2,4,2,1,2,4,4,4,1,9.0,7.0,6.0,2.0,16,8,spotify,pop,41-45,2-3,2022-08-28,2
20,2.0,1,126.0,1,3,1,2,1,1,1,4,1,4,3,7.0,4.0,6.0,5.0,16,13,spotify,pop,16-20,1-2,2022-08-28,3
34,4.0,1,161.0,2,1,1,3,1,1,4,2,1,3,2,6.0,7.0,0.0,0.0,16,15,other streaming service,metal,31-35,3-4,2022-08-28,2
21,3.0,1,100.0,3,1,3,1,1,1,4,4,1,4,2,10.0,0.0,10.0,10.0,16,15,youtube music,metal,21-25,2-3,2022-08-28,3
23,2.0,1,100.0,2,1,2,1,1,3,4,2,1,3,2,6.0,3.0,0.0,1.0,16,15,spotify,metal,21-25,1-2,2022-08-28,3
16,3.0,0,140.0,2,1,1,3,2,1,1,4,3,1,1,7.0,5.0,5.0,3.0,16,15,spotify,pop,16-20,2-3,2022-08-28,3
19,4.0,1,156.0,2,2,2,3,1,1,2,4,2,3,3,7.0,10.0,5.0,0.0,16,23,youtube music,pop,16-20,3-4,2022-08-28,3
22,2.0,1,98.0,3,1,2,3,3,2,2,4,3,4,3,8.0,6.0,0.0,0.0,16,27,spotify,rock,21-25,1-2,2022-08-28,3
19,8.0,1,100.0,4,2,1,3,1,4,1,4,3,2,2,4.0,3.0,0.0,0.0,16,30,spotify,k pop,16-20,7-8,2022-08-28,3
23,4.0,1,78.0,2,3,3,4,3,4,2,4,4,3,3,7.0,6.0,7.0,5.0,16,30,spotify,hip hop,21-25,3-4,2022-08-28,3
23,2.0,0,117.0,1,2,1,2,1,1,4,1,1,3,1,7.0,3.0,2.0,3.0,16,32,spotify,metal,21-25,1-2,2022-08-28,3
22,1.0,0,128.0,1,4,1,3,1,1,1,4,4,3,1,2.0,7.0,5.0,0.0,16,34,spotify,edm,21-25,0-1,2022-08-28,3
17,3.0,1,130.0,2,3,3,2,1,4,3,4,4,4,3,7.0,8.0,6.0,5.0,16,37,spotify,rock,16-20,2-3,2022-08-28,3
28,0.5,0,130.0,2,1,4,2,1,1,1,3,1,4,2,4.0,7.0,1.0,0.0,16,37,spotify,folk,26-30,0-1,2022-08-28,3
23,2.0,0,100.0,1,1,1,3,1,1,4,4,1,4,3,7.0,8.0,5.0,1.0,16,53,spotify,rock,21-25,1-2,2022-08-28,2
19,3.0,1,126.0,1,3,1,4,1,2,2,2,2,4,3,5.0,2.0,8.0,6.0,16,58,apple music,rock,16-20,2-3,2022-08-28,3
17,2.0,1,122.0,2,3,3,4,2,2,4,2,2,4,1,10.0,7.0,4.0,2.0,17,14,spotify,hip hop,16-20,1-2,2022-08-28,3
21,1.0,0,179.0,1,1,2,3,1,4,3,2,3,4,2,6.0,5.0,0.0,0.0,17,14,youtube music,rock,21-25,0-1,2022-08-28,2
29,5.0,1,200.0,2,1,2,1,2,2,2,1,3,4,3,7.0,2.0,3.0,1.0,17,15,other streaming service,jazz,26-30,4-5,2022-08-28,3
22,10.0,0,128.0,3,4,4,1,1,1,2,1,2,3,3,4.0,7.0,7.0,3.0,17,15,spotify,edm,21-25,9-10,2022-08-28,3
18,4.0,1,130.0,3,3,2,2,3,3,4,4,2,4,4,4.0,5.0,6.0,5.0,17,19,spotify,pop,16-20,3-4,2022-08-28,3
13,2.0,1,120.0,2,3,4,3,1,3,3,4,2,4,4,7.0,10.0,5.0,6.0,17,27,spotify,rock,11-15,1-2,2022-08-28,1
24,1.0,0,86.0,3,2,2,2,1,1,4,3,3,4,2,6.0,4.0,5.0,0.0,17,32,spotify,metal,21-25,0-1,2022-08-28,3
35,6.0,1,166.0,3,3,4,2,2,3,3,3,2,4,3,4.0,1.0,3.0,1.0,17,33,spotify,rock,31-35,5-6,2022-08-28,2
29,1.0,1,110.0,3,1,2,1,1,1,1,3,2,3,3,6.0,6.0,1.0,2.0,17,37,youtube music,video game music,26-30,0-1,2022-08-28,3
28,6.0,1,144.0,3,1,3,2,2,2,3,3,3,4,4,10.0,8.0,7.0,1.0,17,40,spotify,rock,26-30,5-6,2022-08-28,3
32,7.0,1,120.0,3,2,1,3,1,2,2,4,4,4,4,10.0,8.0,2.0,8.0,17,41,spotify,pop,31-35,6-7,2022-08-28,3
32,1.0,0,120.0,2,4,2,3,2,2,1,3,2,2,1,3.0,6.0,2.0,0.0,17,43,other streaming service,edm,31-35,0-1,2022-08-28,2
21,3.0,1,160.0,1,1,4,3,1,3,4,2,1,4,3,8.0,9.0,2.0,0.0,17,54,spotify,rock,21-25,2-3,2022-08-28,3
18,2.0,1,101.0,1,3,1,2,1,2,1,2,1,3,4,8.0,3.0,8.0,7.0,17,56,spotify,video game music,16-20,1-2,2022-08-28,3
19,3.0,1,122.0,4,1,1,1,1,3,1,4,1,2,3,3.0,3.0,1.0,2.0,18,2,spotify,classical,16-20,2-3,2022-08-28,3
18,2.0,1,100.0,2,1,1,2,2,2,2,4,2,2,1,6.0,5.0,2.0,0.0,18,3,apple music,pop,16-20,1-2,2022-08-28,3
16,3.0,1,100.0,2,3,1,2,1,3,1,4,1,4,2,0.0,0.0,4.0,0.0,18,3,youtube music,pop,16-20,2-3,2022-08-28,2
25,1.5,1,61.0,3,2,3,2,1,2,2,4,4,4,1,6.0,5.0,0.0,2.0,18,6,spotify,pop,21-25,1-2,2022-08-28,3
17,4.0,1,79.0,4,1,1,3,1,4,1,4,3,2,4,3.0,8.0,0.0,0.0,18,8,spotify,lofi,16-20,3-4,2022-08-28,3
16,2.0,1,126.0,4,1,1,4,1,2,1,4,4,1,3,1.0,8.0,0.0,0.0,18,13,spotify,rap,16-20,1-2,2022-08-28,2
27,10.0,1,185.0,3,3,1,3,1,2,4,4,2,4,2,5.0,6.0,6.0,3.0,18,17,spotify,metal,26-30,9-10,2022-08-28,3
53,7.0,1,92.0,4,4,2,3,3,2,2,4,4,4,2,0.0,0.0,0.0,0.0,18,17,spotify,pop,51-55,6-7,2022-08-28,3
25,1.0,1,107.0,1,4,1,2,1,2,1,1,1,2,2,0.0,8.0,0.0,0.0,18,18,spotify,edm,21-25,0-1,2022-08-28,3
34,2.0,0,120.0,1,2,1,1,1,1,4,2,1,3,1,3.0,7.0,0.0,0.0,18,18,spotify,metal,31-35,1-2,2022-08-28,3
22,6.0,1,140.0,3,4,4,4,3,3,3,4,4,3,3,8.0,8.0,8.0,5.0,18,18,other streaming service,jazz,21-25,5-6,2022-08-28,3
17,2.0,1,94.0,3,1,1,2,1,2,3,4,1,4,2,5.0,2.0,3.0,4.0,18,21,spotify,jazz,16-20,1-2,2022-08-28,3
26,3.0,1,160.0,2,1,4,2,1,2,2,3,3,3,3,8.0,8.0,3.0,0.0,18,28,spotify,folk,26-30,2-3,2022-08-28,3
19,8.0,1,174.0,1,4,1,3,1,1,2,3,3,3,1,6.0,8.0,8.0,0.0,18,30,spotify,edm,16-20,7-8,2022-08-28,3
21,3.0,1,136.0,2,3,2,4,4,3,2,4,4,3,3,6.0,8.0,6.0,0.0,18,33,spotify,pop,21-25,2-3,2022-08-28,1
32,3.0,1,144.0,2,3,4,3,3,4,2,3,4,4,2,6.0,6.0,7.0,5.0,18,35,spotify,rock,31-35,2-3,2022-08-28,3
21,3.0,1,77.0,1,1,3,3,2,1,2,2,2,4,4,9.0,10.0,3.0,0.0,18,51,i do not use a streaming service.,rock,21-25,2-3,2022-08-28,2
25,2.0,0,120.0,2,1,2,3,3,1,1,4,3,4,2,7.0,7.0,5.0,0.0,18,53,spotify,pop,21-25,1-2,2022-08-28,3
26,1.0,0,100.0,2,2,2,2,1,2,3,3,2,4,1,10.0,7.0,2.0,8.0,18,54,spotify,rock,26-30,0-1,2022-08-28,2
21,2.0,1,100.0,2,1,3,2,1,2,4,2,1,4,3,1.0,3.0,0.0,6.0,18,55,spotify,metal,21-25,1-2,2022-08-28,2
17,2.0,1,100.0,2,1,1,2,1,4,1,4,4,1,3,5.0,3.0,2.0,1.0,18,56,spotify,pop,16-20,1-2,2022-08-28,3
28,4.0,1,194.0,2,2,2,3,1,1,3,3,2,4,3,6.0,8.0,1.0,6.0,18,57,i do not use a streaming service.,rock,26-30,3-4,2022-08-28,3
41,4.0,1,60.0,2,3,4,4,2,3,2,4,4,4,2,7.0,2.0,0.0,7.0,18,58,youtube music,pop,41-45,3-4,2022-08-28,3
18,1.0,1,190.0,2,2,1,3,1,1,4,2,1,4,3,6.0,9.0,9.0,0.0,18,58,spotify,metal,16-20,0-1,2022-08-28,3
22,2.0,0,87.0,3,1,1,2,4,3,1,3,4,2,3,1.0,1.0,4.0,1.0,18,59,spotify,r&b,21-25,1-2,2022-08-28,2
18,2.0,1,122.0,2,1,1,1,1,2,1,4,3,1,1,0.0,2.0,0.0,0.0,18,59,other streaming service,k pop,16-20,1-2,2022-08-28,3
49,1.0,1,156.0,3,4,3,3,2,3,3,3,2,4,3,8.0,8.0,2.0,0.0,19,4,other streaming service,edm,46-50,0-1,2022-08-28,3
21,3.0,1,150.0,3,2,3,2,1,3,4,4,2,4,3,3.0,3.0,7.0,0.0,19,4,spotify,metal,21-25,2-3,2022-08-28,2
27,10.0,1,194.0,1,3,3,3,2,3,4,4,3,4,3,8.0,8.0,3.0,0.0,19,7,spotify,metal,26-30,9-10,2022-08-28,3
19,1.0,0,160.0,1,1,1,2,1,3,4,3,2,4,1,6.0,4.0,0.0,3.0,19,10,spotify,metal,16-20,0-1,2022-08-28,2
27,3.0,1,171.0,3,1,2,3,1,2,4,1,2,3,2,1.0,0.0,0.0,0.0,19,12,spotify,metal,26-30,2-3,2022-08-28,3
27,1.5,1,95.0,1,1,2,3,1,2,4,3,1,4,3,5.0,5.0,4.0,4.0,19,16,spotify,rock,26-30,1-2,2022-08-28,3
19,3.0,1,114.0,3,1,4,2,1,3,1,3,3,3,3,8.0,9.0,6.0,0.0,19,18,spotify,k pop,16-20,2-3,2022-08-28,3
42,2.5,1,148.0,3,4,2,3,1,2,3,2,2,3,2,8.0,8.0,7.0,6.0,19,20,youtube music,rock,41-45,2-3,2022-08-28,3
60,2.0,1,119.0,2,1,2,1,2,1,1,3,2,3,1,3.0,0.0,2.0,0.0,19,22,pandora,gospel,56-60,1-2,2022-08-28,3
19,5.0,1,136.0,3,2,3,3,1,4,4,1,1,4,3,0.0,5.0,1.0,0.0,19,26,youtube music,metal,16-20,4-5,2022-08-28,2
20,2.0,1,141.0,2,1,2,3,1,3,1,4,3,3,2,6.0,3.0,0.0,0.0,19,27,apple music,pop,16-20,1-2,2022-08-28,3
28,2.0,0,146.0,2,1,2,2,1,1,4,2,1,3,2,1.0,7.0,5.0,1.0,19,29,spotify,metal,26-30,1-2,2022-08-28,3
16,2.0,0,100.0,3,1,1,3,1,3,1,3,3,2,3,4.0,2.0,1.0,1.0,19,29,i do not use a streaming service.,video game music,16-20,1-2,2022-08-28,2
18,2.0,1,164.0,3,1,1,2,1,2,1,4,4,1,1,5.0,6.0,0.0,1.0,19,30,spotify,r&b,16-20,1-2,2022-08-28,2
34,1.0,1,100.0,2,4,1,1,1,2,4,2,1,4,4,1.0,0.0,0.0,0.0,19,30,spotify,rock,31-35,0-1,2022-08-28,2
18,1.5,1,100.0,1,2,1,2,2,4,1,4,3,2,4,8.0,6.0,5.0,2.0,19,35,youtube music,pop,16-20,1-2,2022-08-28,3
38,0.5,0,100.0,1,2,3,3,3,1,1,4,3,4,1,4.0,6.0,6.0,4.0,19,46,spotify,rock,36-40,0-1,2022-08-28,3
17,2.0,1,100.0,1,2,2,1,1,3,2,3,1,4,4,7.0,3.0,1.0,5.0,19,46,spotify,rock,16-20,1-2,2022-08-28,3
35,0.5,0,100.0,3,1,3,1,1,2,1,4,2,3,2,10.0,3.0,1.0,0.0,19,50,other streaming service,pop,31-35,0-1,2022-08-28,2
21,2.0,1,101.0,2,2,3,4,4,4,4,4,4,4,2,8.0,8.0,3.0,0.0,19,56,i do not use a streaming service.,rock,21-25,1-2,2022-08-28,3
25,2.5,1,100.0,2,1,2,3,4,4,2,3,4,3,3,7.0,6.0,5.0,4.0,19,59,apple music,r&b,21-25,2-3,2022-08-28,3
18,2.0,1,98.0,4,1,2,3,2,4,1,3,4,1,2,7.0,2.0,3.0,5.0,20,1,spotify,k pop,16-20,1-2,2022-08-28,3
16,2.0,0,145.0,1,2,3,2,1,3,1,4,2,4,2,10.0,3.5,5.0,10.0,20,4,apple music,pop,16-20,1-2,2022-08-28,3
19,1.0,1,94.0,2,2,2,3,1,2,2,4,3,4,1,7.0,5.0,1.0,2.0,20,12,spotify,pop,16-20,0-1,2022-08-28,3
31,4.0,1,103.0,4,2,1,3,3,1,3,2,1,3,1,6.0,8.0,9.0,5.0,20,14,spotify,classical,31-35,3-4,2022-08-28,3
26,5.0,1,100.0,1,3,1,1,1,1,1,4,1,4,1,2.0,9.0,2.0,1.0,20,14,spotify,rock,26-30,4-5,2022-08-28,2
16,2.0,1,112.0,2,4,2,1,1,2,2,3,2,4,4,7.0,4.0,10.0,2.0,20,15,spotify,rock,16-20,1-2,2022-08-28,3
26,2.0,1,100.0,4,2,4,2,1,3,3,2,1,4,4,7.0,5.0,6.0,0.0,20,20,spotify,rock,26-30,1-2,2022-08-28,3
17,2.0,1,118.0,2,1,1,3,1,2,1,3,4,1,2,6.0,1.0,0.0,0.0,20,20,spotify,r&b,16-20,1-2,2022-08-28,3
22,1.0,1,100.0,3,2,4,1,2,1,4,2,1,4,4,3.0,6.0,1.0,1.0,20,32,spotify,video game music,21-25,0-1,2022-08-28,3
20,4.0,1,113.0,3,1,2,3,1,2,1,3,4,4,2,9.0,10.0,3.0,0.0,20,33,apple music,r&b,16-20,3-4,2022-08-28,3
30,1.0,0,162.0,3,2,3,2,1,1,3,3,1,4,1,8.0,5.0,8.0,9.0,20,37,spotify,rock,26-30,0-1,2022-08-28,3
26,4.0,1,100.0,2,2,1,2,3,1,2,4,2,3,1,8.0,7.0,7.0,3.0,20,43,other streaming service,pop,26-30,3-4,2022-08-28,3
19,5.0,1,111.0,3,1,3,2,2,2,4,3,2,4,3,9.0,9.0,9.0,3.0,20,50,spotify,rock,16-20,4-5,2022-08-28,2
21,5.0,1,85.0,1,2,3,2,1,1,3,3,1,4,1,9.0,8.0,9.0,7.0,20,57,spotify,country,21-25,4-5,2022-08-28,3
33,7.0,1,134.0,2,3,3,4,3,3,3,4,4,4,3,9.0,3.0,7.0,8.0,20,57,spotify,rock,31-35,6-7,2022-08-28,3
28,2.0,1,172.0,1,2,2,3,1,3,2,3,4,4,2,10.0,8.0,6.0,2.0,21,1,youtube music,rock,26-30,1-2,2022-08-28,3
25,3.0,1,180.0,2,3,3,2,1,3,4,3,2,4,3,9.0,6.0,3.0,0.0,21,3,spotify,rock,21-25,2-3,2022-08-28,3
22,2.0,1,120.0,2,2,2,2,1,2,1,4,2,3,3,7.0,7.0,8.0,3.0,21,6,youtube music,pop,21-25,1-2,2022-08-28,3
19,3.0,1,76.0,3,3,3,1,1,2,2,2,2,4,2,9.0,10.0,4.0,0.0,21,11,spotify,rock,16-20,2-3,2022-08-28,3
44,3.0,1,130.0,2,2,4,3,2,3,1,2,3,2,3,9.0,9.0,8.0,2.0,21,14,other streaming service,folk,41-45,2-3,2022-08-28,3
22,3.0,1,100.0,1,1,4,2,1,1,4,2,1,4,2,9.0,10.0,3.0,9.0,21,14,spotify,rock,21-25,2-3,2022-08-28,3
26,5.0,1,109.0,3,4,2,2,1,2,4,3,3,3,3,10.0,9.0,8.0,8.0,21,23,spotify,metal,26-30,4-5,2022-08-28,3
23,6.0,1,96.0,4,1,2,1,2,1,1,2,1,1,2,6.0,5.0,6.0,8.0,21,24,i do not use a streaming service.,classical,21-25,5-6,2022-08-28,3
17,2.0,0,148.0,3,2,1,4,1,2,1,3,4,1,2,8.0,6.0,10.0,3.0,21,26,spotify,r&b,16-20,1-2,2022-08-28,3
42,2.0,0,100.0,3,3,2,3,1,1,4,3,3,4,2,8.0,3.0,6.0,4.0,21,28,youtube music,metal,41-45,1-2,2022-08-28,3
30,1.0,0,129.0,2,2,2,2,2,2,2,4,2,4,2,4.0,2.0,1.0,3.0,21,30,spotify,rock,26-30,0-1,2022-08-28,3
35,1.0,1,81.0,3,3,2,3,1,1,1,4,2,3,2,2.0,1.0,1.0,1.0,21,30,spotify,pop,31-35,0-1,2022-08-28,2
20,3.0,0,136.0,1,1,1,1,1,1,4,4,1,4,2,10.0,10.0,7.0,3.0,21,31,spotify,rock,16-20,2-3,2022-08-28,3
18,3.0,1,155.0,2,1,3,4,3,3,1,4,2,4,4,8.0,9.0,0.0,0.0,21,47,spotify,rap,16-20,2-3,2022-08-28,3
21,1.0,0,100.0,1,3,1,2,3,2,1,4,3,3,2,4.0,9.0,6.0,2.0,21,48,spotify,pop,21-25,0-1,2022-08-28,2
19,6.0,1,52.0,1,2,4,2,4,2,3,4,2,4,2,4.0,2.0,0.0,0.0,21,48,spotify,rock,16-20,5-6,2022-08-28,3
37,4.0,1,97.0,2,3,3,4,1,3,3,3,4,4,1,9.0,2.0,7.0,7.0,21,52,spotify,rock,36-40,3-4,2022-08-28,3
31,2.0,1,92.0,3,2,3,3,3,4,4,3,3,4,4,8.0,6.0,7.0,5.0,21,54,spotify,metal,31-35,1-2,2022-08-28,3
29,2.0,1,100.0,1,2,4,2,2,2,3,2,4,4,2,6.0,5.0,4.0,2.0,21,55,spotify,folk,26-30,1-2,2022-08-28,3
20,3.0,1,120.0,3,2,4,2,1,3,3,4,2,4,3,8.0,5.0,2.0,3.0,21,55,spotify,rock,16-20,2-3,2022-08-28,3
36,8.0,1,143.0,3,3,2,2,1,1,4,2,1,3,4,7.0,6.0,6.0,1.0,22,3,i do not use a streaming service.,video game music,36-40,7-8,2022-08-28,2
18,3.0,1,118.0,3,1,2,1,1,2,2,3,1,4,2,10.0,2.0,0.0,0.0,22,4,spotify,rock,16-20,2-3,2022-08-28,3
18,2.0,1,130.0,2,3,1,1,1,1,2,3,1,2,1,6.0,0.0,0.0,0.0,22,5,spotify,k pop,16-20,1-2,2022-08-28,3
25,7.0,1,120.0,1,4,2,3,2,2,2,4,3,2,3,2.0,0.0,1.0,0.0,22,6,spotify,pop,21-25,6-7,2022-08-28,3
18,12.0,1,126.0,1,1,1,3,3,1,2,4,3,2,1,3.0,7.0,5.0,2.0,22,9,youtube music,k pop,16-20,11-12,2022-08-28,3
31,9.0,1,158.0,2,2,3,1,2,4,3,4,1,3,3,9.0,0.0,2.0,0.0,22,10,youtube music,pop,31-35,8-9,2022-08-28,3
17,2.0,1,160.0,2,2,2,3,1,1,2,4,2,3,1,5.0,4.0,1.0,1.0,22,11,spotify,pop,16-20,1-2,2022-08-28,3
21,1.0,1,100.0,1,1,4,2,1,2,2,2,1,3,4,8.0,4.0,0.0,1.0,22,13,spotify,folk,21-25,0-1,2022-08-28,3
30,1.0,0,119.0,1,1,1,3,1,1,1,4,2,3,2,8.0,10.0,2.0,0.0,22,14,other streaming service,country,26-30,0-1,2022-08-28,3
40,2.0,1,120.0,3,3,2,2,1,2,4,2,2,4,1,3.0,6.0,2.0,1.0,22,14,apple music,metal,36-40,1-2,2022-08-28,2
18,4.0,1,200.0,3,3,2,2,2,1,2,3,2,3,2,4.0,4.0,2.0,1.0,22,21,i do not use a streaming service.,rock,16-20,3-4,2022-08-28,3
14,2.0,1,136.0,2,1,3,3,1,1,3,4,2,4,2,7.0,5.0,2.0,6.0,22,30,spotify,rock,11-15,1-2,2022-08-28,3
26,6.0,1,104.0,3,1,2,2,1,1,2,3,1,4,1,3.0,2.0,0.0,0.0,22,32,youtube music,rock,26-30,5-6,2022-08-28,2
35,4.0,1,90.0,2,2,3,4,3,3,3,3,2,4,1,9.0,9.0,5.0,1.0,22,38,spotify,country,31-35,3-4,2022-08-28,3
33,1.0,0,120.0,1,1,1,3,2,1,1,3,2,4,1,3.0,10.0,4.0,1.0,22,39,other streaming service,rock,31-35,0-1,2022-08-28,2
30,6.0,1,89.0,3,1,4,1,1,3,3,2,1,4,1,9.0,0.0,5.0,0.0,22,39,spotify,folk,26-30,5-6,2022-08-28,2
31,2.0,0,95.0,3,3,2,2,1,2,4,4,2,4,3,7.0,6.0,6.0,5.0,22,49,spotify,metal,31-35,1-2,2022-08-28,3
27,5.0,1,140.0,2,3,4,2,3,4,3,4,3,4,4,0.0,9.0,4.0,0.0,22,51,spotify,folk,26-30,4-5,2022-08-28,3
53,1.5,0,92.0,2,4,3,3,3,1,1,4,2,3,1,2.0,2.0,2.0,1.0,22,51,i do not use a streaming service.,pop,51-55,1-2,2022-08-28,2
23,5.0,1,120.0,3,1,2,1,1,1,4,2,1,4,1,6.0,9.0,2.0,1.0,22,53,spotify,metal,21-25,4-5,2022-08-28,3
25,2.0,1,128.0,2,4,2,3,1,2,4,4,2,4,2,6.0,4.0,1.0,0.0,22,58,spotify,edm,21-25,1-2,2022-08-28,3
16,4.0,1,140.0,4,2,3,4,3,4,4,4,3,3,2,8.0,9.0,4.0,0.0,23,4,apple music,k pop,16-20,3-4,2022-08-28,3
18,2.0,1,100.0,1,2,2,2,1,2,1,2,1,4,1,6.0,7.0,4.0,3.0,23,8,spotify,rock,16-20,1-2,2022-08-28,3
29,5.0,1,100.0,4,1,2,1,1,1,2,3,2,3,1,7.0,2.0,2.0,0.0,23,19,spotify,classical,26-30,4-5,2022-08-28,3
31,6.0,1,136.0,2,1,2,3,1,2,2,3,3,3,3,8.0,6.0,5.0,6.0,23,23,youtube music,edm,31-35,5-6,2022-08-28,2
31,1.0,0,132.0,3,1,1,2,3,1,3,2,2,4,3,3.0,10.0,0.0,0.0,23,23,spotify,rock,31-35,0-1,2022-08-28,1
38,6.0,1,107.0,4,3,3,4,3,3,2,4,4,3,1,9.0,4.0,9.0,7.0,23,23,spotify,pop,36-40,5-6,2022-08-28,3
17,4.0,0,135.0,4,1,1,4,4,3,3,2,3,1,2,7.0,9.0,2.0,8.0,23,26,spotify,classical,16-20,3-4,2022-08-28,1
25,2.0,0,171.0,1,4,2,1,1,1,2,3,1,4,2,10.0,3.0,1.0,4.0,23,34,apple music,edm,21-25,1-2,2022-08-28,3
20,2.0,0,100.0,2,1,1,1,1,1,4,1,1,3,2,0.0,0.0,0.0,1.0,23,34,spotify,metal,16-20,1-2,2022-08-28,2
15,2.0,1,171.0,1,4,1,3,1,1,1,2,2,1,2,9.0,6.0,1.0,7.0,23,40,spotify,edm,11-15,1-2,2022-08-28,2
16,4.0,1,85.0,2,4,2,2,1,4,2,3,1,2,4,7.0,1.0,3.0,5.0,23,42,spotify,lofi,16-20,3-4,2022-08-28,3
20,2.0,1,174.0,3,4,1,3,1,1,1,3,1,3,3,9.0,7.0,5.0,7.0,23,47,spotify,edm,16-20,1-2,2022-08-28,3
23,6.0,1,87.0,1,3,3,2,3,1,1,4,4,2,1,3.0,1.0,2.0,7.0,23,50,other streaming service,rap,21-25,5-6,2022-08-28,3
22,3.0,1,77.0,2,3,2,4,3,2,3,4,3,3,2,6.0,6.0,8.0,0.0,23,54,spotify,hip hop,21-25,2-3,2022-08-28,3
15,5.0,1,126.0,2,4,2,1,1,3,2,4,1,4,3,10.0,6.0,0.0,4.0,23,56,i do not use a streaming service.,rock,11-15,4-5,2022-08-28,3
17,0.5,1,136.0,2,3,1,1,1,1,2,3,2,3,4,6.0,3.0,1.0,1.0,0,3,i do not use a streaming service.,video game music,16-20,0-1,2022-08-29,3
22,1.0,1,80.0,2,2,3,2,1,3,1,2,1,2,4,3.0,3.0,0.0,7.0,0,5,spotify,video game music,21-25,0-1,2022-08-29,2
21,10.0,1,92.0,1,2,1,4,1,1,4,3,3,4,3,9.0,10.0,2.0,2.0,0,5,spotify,metal,21-25,9-10,2022-08-29,2
19,2.0,1,120.0,2,3,2,2,3,3,1,4,4,4,4,7.0,5.0,0.0,2.0,0,21,spotify,pop,16-20,1-2,2022-08-29,2
32,0.5,0,100.0,4,3,2,1,1,1,3,2,1,4,2,3.0,0.0,4.0,4.0,0,32,apple music,classical,31-35,0-1,2022-08-29,2
34,1.0,0,138.0,2,1,3,2,2,1,1,2,1,4,1,9.0,9.0,6.0,4.0,0,33,youtube music,rock,31-35,0-1,2022-08-29,3
18,2.0,1,150.0,3,2,1,1,1,1,4,2,1,4,3,5.0,7.0,7.0,2.0,0,33,i do not use a streaming service.,metal,16-20,1-2,2022-08-29,3
21,3.0,1,108.0,2,1,3,2,1,1,2,3,1,4,3,0.0,8.0,0.0,5.0,0,39,spotify,country,21-25,2-3,2022-08-29,3
20,3.0,0,119.0,2,2,3,3,1,1,1,4,4,3,1,8.0,4.0,3.0,4.0,0,39,spotify,country,16-20,2-3,2022-08-29,3
19,2.0,1,125.0,2,2,3,1,2,2,3,2,1,3,1,7.0,2.0,0.0,7.0,0,47,spotify,country,16-20,1-2,2022-08-29,2
25,1.0,0,100.0,2,1,2,2,1,2,2,4,2,4,4,9.0,9.0,6.0,9.0,0,47,i do not use a streaming service.,pop,21-25,0-1,2022-08-29,2
31,8.0,1,100.0,4,2,2,1,1,1,1,1,1,2,2,5.0,7.0,5.0,4.0,0,50,spotify,classical,31-35,7-8,2022-08-29,3
21,1.0,1,85.0,4,2,3,2,1,2,4,4,3,3,4,5.0,1.0,0.0,0.0,0,50,spotify,pop,21-25,0-1,2022-08-29,3
31,1.0,0,113.0,4,1,3,2,2,1,1,1,1,3,1,4.0,1.0,3.0,0.0,0,54,youtube music,folk,31-35,0-1,2022-08-29,3
20,1.0,0,86.0,2,1,1,1,1,2,2,4,1,3,1,3.0,5.0,3.0,0.0,0,59,youtube music,pop,16-20,0-1,2022-08-29,3
19,5.0,1,141.0,3,1,1,2,1,1,4,3,3,4,1,2.0,2.0,0.0,6.0,1,6,spotify,rock,16-20,4-5,2022-08-29,3
19,5.0,1,97.0,2,4,3,3,3,4,4,2,1,3,2,0.0,1.0,3.0,5.0,1,17,other streaming service,edm,16-20,4-5,2022-08-29,3
23,4.0,1,100.0,2,3,1,3,1,3,4,4,4,4,2,7.0,8.0,6.0,2.0,1,22,spotify,metal,21-25,3-4,2022-08-29,3
24,8.0,1,120.0,3,4,2,4,2,4,4,2,2,4,4,6.0,4.0,8.0,8.0,1,26,i do not use a streaming service.,video game music,21-25,7-8,2022-08-29,3
20,0.7,0,144.0,2,1,1,1,1,3,2,4,2,4,2,5.0,6.0,8.0,2.0,1,34,other streaming service,rock,16-20,0-1,2022-08-29,3
15,3.0,0,84.0,2,3,2,3,1,4,2,4,1,4,4,6.0,6.0,2.0,6.0,1,34,spotify,video game music,11-15,2-3,2022-08-29,2
17,7.0,1,84.0,1,2,1,4,1,2,2,2,2,2,2,8.0,9.0,3.0,4.0,1,54,spotify,hip hop,16-20,6-7,2022-08-29,3
20,1.5,0,60.0,4,1,2,1,3,1,1,1,1,1,4,8.0,4.0,3.0,3.0,1,59,i do not use a streaming service.,video game music,16-20,1-2,2022-08-29,1
14,4.0,1,81.0,3,3,2,2,1,4,1,3,2,1,1,8.0,6.0,5.0,7.0,2,3,spotify,video game music,11-15,3-4,2022-08-29,3
24,4.0,1,150.0,3,1,2,2,1,1,4,3,2,4,1,8.0,8.0,7.0,7.0,2,6,spotify,metal,21-25,3-4,2022-08-29,3
14,10.0,1,95.0,2,3,1,3,1,4,3,1,1,2,4,5.0,2.0,5.0,0.0,2,10,other streaming service,video game music,11-15,9-10,2022-08-29,3
23,2.0,1,138.0,4,2,2,3,2,2,2,3,3,4,3,6.0,8.0,4.0,2.0,2,22,spotify,rock,21-25,1-2,2022-08-29,2
28,2.0,1,100.0,2,1,2,1,1,3,2,3,2,4,2,7.0,5.0,2.0,1.0,2,25,apple music,rock,26-30,1-2,2022-08-29,2
22,6.0,1,140.0,3,4,2,2,1,3,3,3,3,4,3,8.0,8.0,7.0,1.0,2,28,spotify,jazz,21-25,5-6,2022-08-29,3
25,0.5,1,139.0,2,4,1,2,1,1,2,3,2,4,3,10.0,2.0,0.0,0.0,2,29,spotify,rock,21-25,0-1,2022-08-29,3
27,2.0,1,100.0,3,4,1,3,3,3,3,4,4,3,3,8.0,7.0,7.0,5.0,2,30,spotify,pop,26-30,1-2,2022-08-29,3
18,5.0,1,100.0,2,2,2,2,1,2,3,4,2,4,4,8.0,8.0,8.0,6.0,2,30,spotify,rock,16-20,4-5,2022-08-29,3
17,3.0,1,120.0,2,1,3,3,2,1,3,4,4,4,1,8.0,10.0,9.0,2.0,2,40,apple music,pop,16-20,2-3,2022-08-29,3
23,4.5,1,100.0,3,1,3,3,1,2,3,3,2,4,3,6.0,1.0,8.0,4.0,2,43,other streaming service,rock,21-25,4-5,2022-08-29,2
40,3.0,1,178.0,3,1,1,1,1,2,3,3,2,3,1,0.0,4.0,4.0,0.0,2,46,other streaming service,rock,36-40,2-3,2022-08-29,3
27,2.0,1,100.0,3,3,2,2,2,3,4,2,1,4,3,8.0,10.0,10.0,8.0,2,46,spotify,rock,26-30,1-2,2022-08-29,2
18,1.0,0,100.0,2,1,2,3,1,1,1,4,2,3,2,3.0,2.0,0.0,1.0,2,49,spotify,pop,16-20,0-1,2022-08-29,2
16,2.5,0,110.0,1,1,1,1,1,2,4,1,1,4,3,5.0,3.0,3.0,1.0,2,54,spotify,metal,16-20,2-3,2022-08-29,3
18,1.0,0,108.0,3,1,3,3,1,1,3,3,2,4,2,8.0,9.0,6.0,1.0,3,1,spotify,rock,16-20,0-1,2022-08-29,3
23,2.0,0,100.0,2,2,2,2,2,2,2,2,2,2,2,10.0,3.0,0.0,10.0,3,9,spotify,jazz,21-25,1-2,2022-08-29,2
15,5.0,1,161.0,1,2,1,1,1,1,4,2,1,3,1,6.0,7.0,8.0,2.0,3,13,i do not use a streaming service.,metal,11-15,4-5,2022-08-29,3
20,3.0,1,200.0,3,1,1,2,1,2,4,2,1,4,3,7.0,4.0,7.0,0.0,3,14,apple music,metal,16-20,2-3,2022-08-29,3
16,3.0,1,100.0,1,1,2,1,3,1,2,2,2,4,2,9.0,8.0,6.0,2.0,3,17,spotify,rock,16-20,2-3,2022-08-29,3
16,0.5,0,156.0,3,2,1,2,1,1,1,3,1,4,3,8.0,0.0,0.0,0.0,3,21,spotify,rock,16-20,0-1,2022-08-29,3
20,8.0,1,120.0,1,1,3,2,1,1,1,2,2,3,1,8.0,9.0,2.0,5.0,3,29,apple music,country,16-20,7-8,2022-08-29,2
33,2.0,1,100.0,2,1,2,3,1,1,4,1,1,3,3,7.0,2.0,3.0,0.0,3,32,spotify,metal,31-35,1-2,2022-08-29,3
22,3.0,1,90.0,1,2,3,2,4,1,2,3,4,4,1,10.0,10.0,4.0,0.0,3,44,spotify,rock,21-25,2-3,2022-08-29,3
21,3.0,1,85.0,1,2,1,4,1,3,1,4,4,4,1,8.0,8.0,3.0,3.0,3,46,spotify,hip hop,21-25,2-3,2022-08-29,3
21,5.0,1,171.0,2,3,1,4,1,3,4,2,3,3,3,8.0,7.0,7.0,4.0,3,47,apple music,metal,21-25,4-5,2022-08-29,3
29,1.5,1,108.0,2,3,1,2,1,1,2,4,4,4,1,8.0,7.0,1.0,2.0,3,49,apple music,rock,26-30,1-2,2022-08-29,3
56,1.0,1,105.0,1,1,2,1,1,1,1,3,3,3,1,6.0,5.0,10.0,2.0,4,2,i do not use a streaming service.,pop,56-60,0-1,2022-08-29,2
17,2.0,1,76.0,3,1,1,2,1,2,1,4,2,1,2,7.0,6.0,0.0,4.0,4,2,spotify,pop,16-20,1-2,2022-08-29,3
22,1.0,1,108.0,2,3,1,1,1,1,1,4,1,2,2,7.0,4.0,0.0,0.0,4,10,spotify,pop,21-25,0-1,2022-08-29,3
26,4.0,1,140.0,3,2,2,3,1,2,1,4,2,4,2,8.0,7.0,2.0,10.0,4,17,spotify,pop,26-30,3-4,2022-08-29,2
30,1.0,1,200.0,1,4,1,3,1,1,2,1,1,1,1,4.0,4.0,4.0,0.0,4,36,spotify,edm,26-30,0-1,2022-08-29,3
49,2.0,1,147.0,2,3,4,3,1,3,2,3,3,2,2,0.0,0.0,2.0,0.0,4,37,spotify,folk,46-50,1-2,2022-08-29,2
22,2.0,1,120.0,2,4,3,3,2,3,4,3,3,3,4,6.0,4.0,0.0,1.0,4,41,spotify,edm,21-25,1-2,2022-08-29,3
32,2.0,0,158.0,1,3,2,3,1,3,2,3,3,3,1,4.0,7.0,0.0,0.0,4,42,spotify,rock,31-35,1-2,2022-08-29,3
32,1.0,0,110.0,2,1,3,1,2,1,3,4,2,4,1,8.0,4.0,3.0,0.0,4,51,i do not use a streaming service.,rock,31-35,0-1,2022-08-29,2
22,6.0,1,103.0,1,1,2,3,2,1,3,1,1,4,2,5.0,5.0,3.0,3.0,4,53,youtube music,country,21-25,5-6,2022-08-29,3
17,2.0,1,93.0,1,3,3,2,2,2,4,4,3,4,3,0.0,8.0,0.0,0.0,4,57,spotify,rock,16-20,1-2,2022-08-29,3
21,4.0,1,62.0,2,1,2,1,1,1,2,4,2,4,1,7.0,4.0,6.0,1.0,5,6,spotify,rock,21-25,3-4,2022-08-29,3
17,1.5,1,180.0,4,2,2,1,4,2,2,3,3,4,2,8.0,7.0,7.0,3.0,5,8,spotify,rock,16-20,1-2,2022-08-29,2
25,3.0,1,150.0,3,2,2,1,1,1,4,3,3,4,3,9.0,8.0,6.0,2.0,5,14,spotify,metal,21-25,2-3,2022-08-29,3
15,4.0,1,105.0,1,2,1,2,1,4,3,4,3,4,1,8.0,6.0,4.0,0.0,5,20,spotify,rock,11-15,3-4,2022-08-29,3
13,10.0,1,140.0,1,2,1,3,1,3,1,2,2,1,2,7.0,2.0,0.0,8.0,5,22,spotify,rap,11-15,9-10,2022-08-29,3
38,3.0,1,100.0,4,1,2,1,2,1,4,3,2,4,1,6.0,7.0,7.0,7.0,5,35,spotify,rock,36-40,2-3,2022-08-29,2
23,3.0,0,161.0,2,3,3,2,1,2,2,3,1,4,3,7.0,6.0,4.0,2.0,5,37,apple music,rock,21-25,2-3,2022-08-29,3
17,3.0,1,120.0,3,3,2,4,1,4,1,4,4,4,2,1.0,1.0,1.0,0.0,5,41,spotify,pop,16-20,2-3,2022-08-29,3
59,2.0,1,103.0,2,4,2,2,2,2,1,4,4,3,1,1.0,1.0,3.0,0.0,5,45,youtube music,pop,56-60,1-2,2022-08-29,3
22,2.0,1,72.0,2,1,2,3,2,2,1,4,4,3,2,2.0,7.0,1.0,2.0,5,50,spotify,pop,21-25,1-2,2022-08-29,3
17,3.0,1,113.0,3,1,1,4,2,1,1,4,2,3,2,6.0,2.0,3.0,1.0,6,0,apple music,pop,16-20,2-3,2022-08-29,2
27,2.0,0,120.0,1,1,1,1,1,1,2,4,1,3,2,7.0,7.0,3.0,2.0,6,13,spotify,pop,26-30,1-2,2022-08-29,2
23,5.0,1,95.0,3,3,1,2,1,3,2,3,2,3,3,8.0,7.0,0.0,3.0,6,31,spotify,video game music,21-25,4-5,2022-08-29,2
15,6.0,1,97.0,2,3,2,3,1,2,2,3,3,4,3,8.0,3.0,5.0,2.0,6,44,spotify,rock,11-15,5-6,2022-08-29,3
22,3.0,1,140.0,2,4,3,3,1,2,3,3,3,4,4,5.0,2.0,2.0,0.0,6,58,spotify,edm,21-25,2-3,2022-08-29,3
23,5.0,1,120.0,4,3,3,2,2,4,2,4,1,4,4,7.0,10.0,10.0,1.0,7,11,spotify,lofi,21-25,4-5,2022-08-29,3
19,5.0,1,118.0,2,1,4,2,4,2,1,3,3,3,1,7.0,6.0,8.0,4.0,7,17,spotify,country,16-20,4-5,2022-08-29,3
32,6.0,1,91.0,1,3,1,2,1,1,1,3,2,4,2,8.0,7.0,0.0,9.0,7,48,spotify,rock,31-35,5-6,2022-08-29,3
40,6.0,1,128.0,3,3,3,3,3,3,2,3,3,4,2,10.0,7.0,3.0,3.0,7,52,spotify,rock,36-40,5-6,2022-08-29,2
21,3.0,1,86.0,1,2,3,3,1,1,2,3,2,3,1,6.0,5.0,5.0,3.0,7,53,spotify,country,21-25,2-3,2022-08-29,3
21,10.0,1,107.0,2,4,3,2,2,3,3,4,3,4,4,8.0,7.0,6.0,8.0,8,23,spotify,rock,21-25,9-10,2022-08-29,2
23,2.0,1,180.0,3,4,1,2,1,3,1,4,2,3,4,10.0,7.0,7.0,3.0,8,28,spotify,video game music,21-25,1-2,2022-08-29,1
21,2.0,1,100.0,2,4,2,2,1,3,2,4,2,3,4,10.0,10.0,5.0,7.0,8,37,youtube music,edm,21-25,1-2,2022-08-29,3
35,3.0,0,100.0,3,1,3,1,1,2,1,2,1,3,3,8.0,2.0,2.0,8.0,8,38,spotify,folk,31-35,2-3,2022-08-29,2
18,1.5,0,150.0,1,1,1,3,1,3,1,4,1,3,1,3.0,7.0,4.0,0.0,8,39,spotify,hip hop,16-20,1-2,2022-08-29,3
21,10.0,1,112.0,1,1,1,2,1,1,1,3,2,3,1,9.0,7.0,5.0,5.0,8,47,i do not use a streaming service.,pop,21-25,9-10,2022-08-29,3
22,2.0,1,100.0,1,2,1,3,2,1,1,4,1,3,4,5.0,3.0,0.0,0.0,9,1,i do not use a streaming service.,video game music,21-25,1-2,2022-08-29,3
23,3.0,1,66.0,2,1,4,3,1,1,4,4,4,4,1,10.0,7.0,0.0,10.0,9,7,spotify,rock,21-25,2-3,2022-08-29,3
13,2.5,1,118.0,1,1,4,1,1,1,1,4,1,1,1,8.0,0.0,0.0,3.0,9,13,spotify,folk,11-15,2-3,2022-08-29,3
19,3.0,1,110.0,3,2,3,2,1,3,1,4,4,4,1,6.0,0.0,3.0,0.0,9,26,spotify,k pop,16-20,2-3,2022-08-29,3
33,0.5,1,80.0,3,2,1,1,1,2,3,2,1,3,2,7.0,9.0,4.0,6.0,9,42,youtube music,rock,31-35,0-1,2022-08-29,3
18,2.0,1,90.0,3,3,3,4,4,4,4,4,4,4,2,3.0,2.0,5.0,6.0,9,43,spotify,jazz,16-20,1-2,2022-08-29,3
17,6.0,1,120.0,4,1,1,2,1,3,1,4,1,1,2,4.0,2.0,0.0,0.0,9,47,youtube music,classical,16-20,5-6,2022-08-29,3
16,3.0,1,100.0,2,4,1,4,1,2,3,4,2,4,4,4.0,2.0,0.0,0.0,9,47,spotify,edm,16-20,2-3,2022-08-29,3
18,0.5,0,66.0,2,1,3,1,1,1,1,3,2,4,1,5.0,3.0,1.0,0.0,9,52,youtube music,rock,16-20,0-1,2022-08-29,2
19,5.0,1,158.0,2,3,1,2,2,1,1,4,4,2,2,4.0,2.0,2.0,1.0,9,56,spotify,k pop,16-20,4-5,2022-08-29,3
15,2.0,0,105.0,4,1,4,4,1,4,3,2,4,3,4,4.0,0.0,6.0,5.0,10,23,youtube music,rap,11-15,1-2,2022-08-29,2
17,2.0,1,100.0,1,1,1,2,1,1,4,4,1,4,4,7.0,6.0,3.0,1.0,10,23,spotify,pop,16-20,1-2,2022-08-29,3
25,2.0,1,91.0,3,3,2,4,3,4,1,3,2,4,3,7.0,8.0,6.0,0.0,10,25,spotify,lofi,21-25,1-2,2022-08-29,3
24,1.5,1,171.0,3,4,2,3,2,4,4,4,3,4,4,3.0,4.0,1.0,1.0,10,41,other streaming service,video game music,21-25,1-2,2022-08-29,3
23,1.0,1,150.0,2,4,1,1,2,1,3,2,3,4,3,9.0,7.0,2.0,1.0,10,44,spotify,jazz,21-25,0-1,2022-08-29,3
16,10.0,1,180.0,2,4,3,2,1,2,2,4,3,3,3,10.0,9.0,3.0,2.0,10,45,spotify,edm,16-20,9-10,2022-08-29,3
25,2.0,1,100.0,2,2,2,2,2,2,4,3,2,4,3,9.0,9.0,7.0,3.0,11,2,youtube music,metal,21-25,1-2,2022-08-29,3
16,15.0,1,85.0,2,4,1,2,1,2,3,3,1,4,3,8.0,10.0,9.0,2.0,11,4,spotify,edm,16-20,14-15,2022-08-29,3
20,0.5,0,150.0,3,3,1,3,1,3,3,2,2,3,3,8.0,9.0,6.0,4.0,11,16,i do not use a streaming service.,metal,16-20,0-1,2022-08-29,3
17,3.0,1,104.0,1,2,1,3,1,1,4,1,2,4,1,5.0,6.0,9.0,9.0,11,41,spotify,metal,16-20,2-3,2022-08-29,3
29,2.0,1,100.0,1,1,1,1,1,1,4,3,1,4,1,9.0,3.0,7.0,2.0,11,56,i do not use a streaming service.,metal,26-30,1-2,2022-08-29,3
20,4.0,1,85.0,1,4,2,4,1,1,1,3,3,3,1,3.0,2.0,1.0,6.0,12,25,spotify,hip hop,16-20,3-4,2022-08-29,3
16,2.0,1,100.0,1,1,4,2,1,1,3,4,1,3,1,7.0,7.0,4.0,0.0,12,30,spotify,folk,16-20,1-2,2022-08-29,3
21,1.0,1,147.0,2,3,3,3,2,2,2,4,1,4,4,7.0,9.0,1.0,2.0,12,32,spotify,rock,21-25,0-1,2022-08-29,3
43,1.0,1,134.0,3,1,3,3,1,2,1,4,2,3,1,3.0,3.0,0.0,0.0,14,13,spotify,pop,41-45,0-1,2022-08-29,3
32,2.0,1,100.0,4,2,4,3,3,2,4,4,3,4,4,8.0,7.0,5.0,4.0,14,25,pandora,classical,31-35,1-2,2022-08-29,3
10,2.0,1,112.0,4,2,1,2,1,2,1,4,1,1,4,8.0,2.0,1.0,1.0,14,49,youtube music,pop,6-10,1-2,2022-08-29,3
27,3.0,1,200.0,2,3,1,3,2,3,4,3,2,4,4,4.0,0.0,0.0,0.0,14,53,spotify,metal,26-30,2-3,2022-08-29,3
24,3.0,1,75.0,4,1,1,2,3,2,3,2,1,1,1,9.0,6.0,1.0,1.0,15,5,spotify,classical,21-25,2-3,2022-08-29,3
18,2.0,1,100.0,2,2,1,4,3,1,1,3,4,1,1,10.0,7.0,2.0,0.0,15,18,spotify,hip hop,16-20,1-2,2022-08-29,3
17,7.0,1,140.0,1,1,1,1,1,3,1,4,1,4,3,8.0,7.0,7.0,4.0,15,20,apple music,rock,16-20,6-7,2022-08-29,3
19,6.0,1,111.0,3,1,1,1,1,1,4,2,1,4,3,1.0,0.0,0.0,0.0,16,5,spotify,metal,16-20,5-6,2022-08-29,3
16,3.0,1,150.0,3,3,1,2,1,2,3,3,3,4,3,5.0,7.0,1.0,4.0,16,7,youtube music,rock,16-20,2-3,2022-08-29,3
18,5.0,1,100.0,3,1,2,3,1,2,3,2,3,4,1,7.0,6.0,9.0,2.0,16,28,other streaming service,rock,16-20,4-5,2022-08-29,3
33,4.0,1,114.0,3,2,3,3,2,4,4,3,2,3,3,8.0,8.0,2.0,2.0,16,39,apple music,lofi,31-35,3-4,2022-08-29,3
32,3.0,1,93.0,4,3,3,1,2,1,4,2,1,4,2,2.0,2.0,8.0,0.0,17,4,i do not use a streaming service.,rock,31-35,2-3,2022-08-29,2
15,2.0,1,145.0,2,1,1,1,1,1,1,4,3,1,1,6.0,0.0,0.0,2.0,17,22,pandora,pop,11-15,1-2,2022-08-29,3
27,3.0,1,100.0,4,1,2,2,1,1,4,3,1,4,2,2.0,0.0,1.0,0.0,17,32,youtube music,metal,26-30,2-3,2022-08-29,3
20,2.0,1,114.0,2,1,3,1,1,1,2,3,2,4,3,6.0,2.0,6.0,7.0,17,36,i do not use a streaming service.,rock,16-20,1-2,2022-08-29,2
23,2.0,1,109.0,2,1,2,4,1,2,1,4,4,4,3,6.0,1.0,0.0,5.0,17,52,i do not use a streaming service.,pop,21-25,1-2,2022-08-29,3
19,3.0,0,100.0,4,1,2,3,1,1,2,3,1,4,3,7.0,6.0,4.0,0.0,17,58,apple music,classical,16-20,2-3,2022-08-29,3
12,2.0,1,100.0,4,1,1,1,1,2,1,2,1,1,1,0.0,0.0,3.0,0.0,18,0,youtube music,rock,11-15,1-2,2022-08-29,3
16,3.0,1,72.0,4,1,1,1,1,1,1,4,1,1,2,9.0,7.0,10.0,6.0,18,9,other streaming service,classical,16-20,2-3,2022-08-29,2
17,0.0,0,89.0,1,1,1,1,1,4,1,1,1,1,4,10.0,0.0,0.0,0.0,18,13,other streaming service,video game music,16-20,0-1,2022-08-29,2
14,1.0,1,140.0,2,4,2,3,2,3,2,4,3,3,3,6.0,6.0,3.0,0.0,18,22,spotify,pop,11-15,0-1,2022-08-29,3
32,2.0,1,84.0,2,4,2,2,1,3,4,3,2,3,4,4.0,3.0,1.0,6.0,18,47,spotify,metal,31-35,1-2,2022-08-29,3
20,2.0,1,132.0,1,1,1,2,1,1,1,1,1,2,2,6.0,2.0,2.0,1.0,18,56,spotify,pop,16-20,1-2,2022-08-29,2
54,6.0,1,100.0,4,1,1,3,2,1,2,3,3,2,1,2.0,2.0,3.0,2.0,18,57,i do not use a streaming service.,classical,51-55,5-6,2022-08-29,3
18,5.0,1,124.0,1,2,1,2,2,2,1,4,2,3,1,7.0,4.0,5.0,6.0,19,7,spotify,k pop,16-20,4-5,2022-08-29,3
14,2.0,1,181.0,4,1,1,2,1,2,3,3,1,4,2,7.0,5.0,3.0,2.0,19,8,spotify,classical,11-15,1-2,2022-08-29,3
13,4.0,1,126.0,4,3,2,1,1,1,2,4,1,3,3,8.0,5.0,10.0,3.0,19,44,other streaming service,classical,11-15,3-4,2022-08-29,3
19,8.0,1,109.0,1,1,2,1,1,1,2,2,1,3,2,7.0,5.0,6.0,5.0,20,3,apple music,country,16-20,7-8,2022-08-29,3
14,4.0,1,106.0,4,2,1,3,2,2,3,3,3,3,2,6.0,8.0,8.0,2.0,20,3,spotify,classical,11-15,3-4,2022-08-29,3
14,1.5,0,140.0,4,1,1,1,1,1,1,1,1,2,3,1.0,2.0,4.0,3.0,20,4,youtube music,classical,11-15,1-2,2022-08-29,3
18,2.0,1,170.0,4,3,1,4,4,3,2,3,3,2,3,3.0,2.0,0.0,2.0,20,12,apple music,rap,16-20,1-2,2022-08-29,3
15,5.0,1,87.0,2,1,4,3,1,3,1,1,1,2,2,6.0,7.0,7.0,4.0,20,18,spotify,folk,11-15,4-5,2022-08-29,3
24,6.0,1,100.0,4,3,1,1,1,1,1,1,1,2,1,6.0,7.0,2.0,0.0,20,22,youtube music,classical,21-25,5-6,2022-08-29,2
17,2.0,1,117.0,2,1,1,2,1,3,2,4,4,1,3,9.0,8.0,4.0,8.0,20,47,apple music,pop,16-20,1-2,2022-08-29,3
44,2.0,0,105.0,3,3,3,3,1,1,3,3,3,4,1,7.0,7.0,2.0,1.0,21,21,spotify,rock,41-45,1-2,2022-08-29,3
23,1.0,0,100.0,3,1,1,1,1,2,3,1,1,4,1,1.0,0.0,1.0,0.0,21,24,spotify,rock,21-25,0-1,2022-08-29,3
21,1.0,0,160.0,2,1,1,3,1,2,2,3,3,2,1,4.0,3.0,4.0,5.0,22,0,apple music,rap,21-25,0-1,2022-08-29,3
57,2.0,0,100.0,2,1,1,3,1,1,1,3,3,2,1,2.0,0.0,0.0,0.0,22,4,other streaming service,r&b,56-60,1-2,2022-08-29,3
23,2.0,1,141.0,2,1,4,2,1,4,4,4,1,4,4,0.0,5.0,7.0,0.0,22,52,spotify,rock,21-25,1-2,2022-08-29,2
18,1.0,1,105.0,3,1,1,1,3,2,1,4,1,1,4,8.0,7.0,7.0,0.0,23,20,spotify,pop,16-20,0-1,2022-08-29,3
26,14.0,1,158.0,3,2,4,4,2,4,2,3,4,4,2,5.0,10.0,8.0,0.0,23,36,spotify,hip hop,26-30,13-14,2022-08-29,2
13,3.0,1,80.0,4,1,1,1,1,1,1,1,1,1,1,8.0,7.0,9.0,2.0,0,0,youtube music,classical,11-15,2-3,2022-08-30,3
15,3.0,1,118.0,4,1,1,1,1,3,1,3,1,1,3,9.0,6.0,8.0,5.0,0,14,spotify,classical,11-15,2-3,2022-08-30,3
57,2.0,1,125.0,1,1,1,2,2,2,3,3,3,4,1,2.0,2.0,7.0,0.0,1,1,youtube music,rock,56-60,1-2,2022-08-30,2
12,0.5,1,109.0,4,1,1,1,1,2,1,3,1,1,1,7.0,8.0,6.0,2.0,5,16,spotify,classical,11-15,0-1,2022-08-30,3
26,6.0,1,156.0,1,4,1,1,1,1,1,2,2,1,2,10.0,10.0,8.0,2.0,6,5,spotify,edm,26-30,5-6,2022-08-30,2
17,1.0,1,105.0,1,1,2,1,1,1,2,2,2,3,2,8.0,5.0,2.0,3.0,6,10,spotify,country,16-20,0-1,2022-08-30,3
17,2.0,1,100.0,4,2,1,1,1,2,2,3,2,3,3,7.0,8.0,2.0,5.0,8,0,spotify,classical,16-20,1-2,2022-08-30,3
18,4.0,1,72.0,4,1,3,2,2,2,1,3,3,4,1,1.0,1.0,2.0,0.0,9,35,pandora,classical,16-20,3-4,2022-08-30,3
17,3.0,1,148.0,4,2,1,4,3,1,2,4,4,3,1,9.0,10.0,10.0,3.0,10,10,spotify,r&b,16-20,2-3,2022-08-30,2
32,12.0,1,200.0,1,3,2,3,1,3,1,2,3,1,1,9.0,4.0,4.0,4.0,11,5,spotify,jazz,31-35,11-12,2022-08-30,3
22,3.0,0,113.0,4,1,1,1,1,1,1,2,1,2,1,8.0,2.0,4.0,0.0,11,12,youtube music,classical,21-25,2-3,2022-08-30,2
38,1.0,0,191.0,2,1,3,1,1,1,4,1,1,3,2,1.0,1.0,5.0,1.0,12,3,spotify,metal,36-40,0-1,2022-08-30,3
18,10.0,1,140.0,1,4,3,3,1,3,1,4,4,1,1,10.0,9.0,9.0,0.0,13,7,youtube music,edm,16-20,9-10,2022-08-30,3
14,5.0,1,100.0,4,2,2,2,2,3,1,3,3,2,4,3.0,0.0,2.0,3.0,14,25,spotify,classical,11-15,4-5,2022-08-30,3
14,0.5,1,173.0,4,1,2,1,2,1,1,4,1,1,4,4.0,0.0,4.0,0.0,14,43,other streaming service,video game music,11-15,0-1,2022-08-30,3
19,5.0,1,180.0,2,2,2,2,2,3,4,3,2,4,3,2.0,3.0,5.0,2.0,16,4,spotify,metal,16-20,4-5,2022-08-30,3
20,3.0,1,100.0,4,2,3,2,2,1,2,3,3,2,2,2.0,3.0,3.0,0.0,16,43,youtube music,classical,16-20,2-3,2022-08-30,3
18,2.0,0,123.0,1,1,2,2,1,1,3,4,1,3,3,8.0,4.0,3.0,0.0,16,47,spotify,rock,16-20,1-2,2022-08-30,3
30,13.0,1,145.0,3,2,3,3,4,2,2,4,4,4,3,10.0,10.0,10.0,7.0,17,33,spotify,k pop,26-30,12-13,2022-08-30,3
31,4.0,1,55.0,4,1,2,1,1,2,2,1,1,3,3,8.0,8.0,9.0,3.0,17,43,i do not use a streaming service.,classical,31-35,3-4,2022-08-30,3
18,6.0,1,77.0,1,1,1,1,3,1,1,2,4,4,1,0.0,1.0,0.0,2.0,18,15,spotify,rock,16-20,5-6,2022-08-30,3
18,3.0,1,100.0,3,2,3,3,4,1,2,3,4,3,1,5.0,4.0,0.0,1.0,1,39,pandora,r&b,16-20,2-3,2022-08-31,3
16,4.0,1,150.0,2,3,3,4,2,3,2,4,2,2,2,7.5,5.0,7.0,8.5,5,45,spotify,pop,16-20,3-4,2022-08-31,3
19,3.0,0,73.0,2,3,1,3,1,2,1,3,2,3,3,3.0,3.0,0.0,0.0,6,36,youtube music,rap,16-20,2-3,2022-08-31,3
16,2.0,1,155.0,4,1,2,2,1,2,1,4,1,2,2,7.0,5.0,3.0,1.0,8,4,spotify,classical,16-20,1-2,2022-08-31,3
12,2.0,1,100.0,4,1,1,3,1,1,1,3,1,3,1,8.0,0.0,1.0,6.0,8,35,spotify,classical,11-15,1-2,2022-08-31,3
39,1.0,1,89.0,1,2,3,4,2,3,3,4,3,4,1,6.0,4.0,1.0,1.0,9,42,spotify,hip hop,36-40,0-1,2022-08-31,3
15,6.0,1,110.0,3,2,3,2,3,3,2,4,3,4,1,8.0,8.0,7.0,10.0,12,53,spotify,k pop,11-15,5-6,2022-08-31,2
14,9.0,1,140.0,4,2,2,3,2,3,2,4,4,2,2,10.0,8.0,9.0,5.0,13,20,spotify,r&b,11-15,8-9,2022-08-31,3
21,1.0,0,135.0,1,1,1,1,1,1,1,1,1,1,1,3.0,0.0,2.0,0.0,14,28,spotify,country,21-25,0-1,2022-08-31,3
38,1.0,1,125.0,2,1,1,2,2,1,2,3,2,2,4,5.0,5.0,7.0,1.0,15,48,apple music,video game music,36-40,0-1,2022-08-31,1
23,0.5,0,110.0,3,2,2,4,2,3,2,3,3,2,3,7.0,7.0,6.0,5.0,16,47,spotify,hip hop,21-25,0-1,2022-08-31,3
16,1.0,0,140.0,1,4,1,3,1,3,3,2,2,3,3,7.0,4.0,6.0,3.0,18,56,other streaming service,edm,16-20,0-1,2022-08-31,3
21,1.5,1,105.0,1,1,4,1,1,1,1,1,1,3,1,3.0,3.0,1.0,0.0,18,56,apple music,folk,21-25,1-2,2022-08-31,3
13,6.0,1,112.0,1,1,1,4,1,2,1,2,1,1,1,4.0,0.0,0.0,2.0,20,40,spotify,rap,11-15,5-6,2022-08-31,1
16,4.0,1,96.0,2,3,3,3,1,4,4,4,1,4,3,3.0,0.0,6.0,9.0,21,4,spotify,rock,16-20,3-4,2022-08-31,3
18,6.0,1,100.0,3,2,4,3,1,4,4,3,2,4,4,5.0,1.0,6.0,0.0,23,9,spotify,rock,16-20,5-6,2022-08-31,3
21,4.0,1,155.0,1,4,1,1,1,2,3,1,1,4,4,10.0,6.0,8.0,0.0,1,16,spotify,metal,21-25,3-4,2022-09-01,3
17,1.5,1,174.0,4,1,2,1,1,3,1,4,2,1,1,7.0,5.0,1.0,2.0,2,32,spotify,classical,16-20,1-2,2022-09-01,2
24,2.0,1,93.0,2,1,4,3,2,3,1,2,2,4,1,7.0,7.0,0.0,4.0,3,38,apple music,rock,21-25,1-2,2022-09-01,2
14,2.0,1,78.0,2,1,3,3,4,2,2,4,3,2,1,6.0,0.0,0.0,0.0,5,1,apple music,rock,11-15,1-2,2022-09-01,3
25,4.0,1,100.0,3,2,4,3,2,3,3,3,2,4,4,6.0,2.0,3.0,2.0,5,20,spotify,rock,21-25,3-4,2022-09-01,3
22,3.0,1,174.0,2,3,2,2,2,4,2,2,2,2,2,7.0,6.0,7.0,9.0,9,25,spotify,lofi,21-25,2-3,2022-09-01,3
20,4.0,1,120.0,2,3,1,2,2,2,3,4,2,4,2,5.0,7.0,7.0,0.0,12,4,i do not use a streaming service.,rock,16-20,3-4,2022-09-01,2
23,2.0,1,75.0,3,2,3,4,1,1,1,4,4,3,3,7.0,6.0,4.0,3.0,13,13,spotify,pop,21-25,1-2,2022-09-01,3
18,2.0,1,94.0,1,1,2,1,1,1,3,3,2,3,1,2.0,2.0,2.0,0.0,13,14,pandora,rock,16-20,1-2,2022-09-01,3
24,6.0,1,180.0,3,3,4,1,1,2,3,2,1,4,4,9.0,5.0,0.0,7.0,14,56,spotify,video game music,21-25,5-6,2022-09-01,3
34,0.0,0,115.0,2,1,3,1,1,1,2,1,1,4,1,3.0,7.0,8.0,0.0,14,57,spotify,rock,31-35,0-1,2022-09-01,1
49,1.0,0,128.0,3,1,1,4,1,4,1,4,4,3,1,4.0,5.0,9.0,1.0,14,59,spotify,pop,46-50,0-1,2022-09-01,3
33,4.0,1,112.0,2,2,2,2,1,4,2,3,1,4,4,1.0,0.0,7.0,0.0,15,1,i do not use a streaming service.,rock,31-35,3-4,2022-09-01,3
22,2.0,0,140.0,1,2,1,1,1,1,4,2,2,4,4,3.0,2.0,0.0,2.0,15,5,i do not use a streaming service.,metal,21-25,1-2,2022-09-01,2
38,3.0,1,143.0,2,1,1,1,1,1,4,1,1,3,1,1.0,6.0,1.0,2.0,15,21,spotify,metal,36-40,2-3,2022-09-01,3
23,4.0,0,72.0,2,1,2,4,1,3,2,4,3,3,2,8.0,10.0,4.0,0.0,15,24,youtube music,hip hop,21-25,3-4,2022-09-01,2
34,2.0,0,100.0,2,2,1,3,1,2,2,1,1,2,4,8.0,10.0,10.0,0.0,15,24,i do not use a streaming service.,video game music,31-35,1-2,2022-09-01,2
40,3.0,1,120.0,1,1,1,1,3,1,4,2,2,3,1,3.0,0.0,8.0,1.0,15,26,other streaming service,metal,36-40,2-3,2022-09-01,2
27,1.0,0,100.0,3,2,1,4,1,2,1,3,4,1,1,3.0,4.0,1.0,0.0,15,36,spotify,hip hop,26-30,0-1,2022-09-01,3
54,10.0,1,100.0,3,1,2,1,1,1,2,2,3,3,1,2.0,1.0,2.0,2.0,15,50,youtube music,rock,51-55,9-10,2022-09-01,3
16,10.0,0,105.0,2,1,4,2,1,1,4,3,2,4,1,0.0,0.0,0.0,0.0,16,0,spotify,rock,16-20,9-10,2022-09-01,2
23,10.0,1,119.0,2,3,3,2,1,3,2,3,1,3,4,8.0,8.0,5.0,0.0,16,6,i do not use a streaming service.,video game music,21-25,9-10,2022-09-01,3
35,4.0,0,100.0,1,1,2,1,1,1,3,3,1,3,2,1.0,1.0,1.0,0.0,16,11,spotify,country,31-35,3-4,2022-09-01,2
22,4.0,1,137.0,2,4,4,3,2,3,4,4,3,4,3,8.0,7.0,6.0,2.0,16,30,youtube music,folk,21-25,3-4,2022-09-01,3
41,3.0,0,178.0,4,1,2,1,1,1,4,2,1,3,4,6.0,5.0,4.0,0.0,16,35,spotify,metal,41-45,2-3,2022-09-01,2
18,2.0,1,133.0,4,2,4,2,2,1,1,1,2,4,1,5.0,4.0,6.0,2.0,16,38,spotify,rock,16-20,1-2,2022-09-01,3
28,1.0,0,72.0,2,1,2,2,1,3,2,3,1,3,1,3.0,1.0,0.0,2.0,16,38,spotify,rock,26-30,0-1,2022-09-01,2
22,6.0,1,100.0,2,3,4,3,2,3,3,3,2,4,3,4.0,8.0,2.0,2.0,16,43,spotify,country,21-25,5-6,2022-09-01,3
58,1.0,1,133.0,2,2,3,3,2,2,3,2,3,3,1,5.0,6.0,3.0,1.0,16,58,youtube music,rock,56-60,0-1,2022-09-01,3
58,1.0,1,80.0,3,1,2,2,2,1,1,2,1,1,1,0.0,0.0,2.0,1.0,17,0,youtube music,classical,56-60,0-1,2022-09-01,3
18,4.0,1,146.0,1,1,1,1,1,1,2,1,2,4,1,7.0,6.0,7.0,4.0,17,17,other streaming service,rock,16-20,3-4,2022-09-01,3
18,2.0,1,88.0,3,1,1,1,1,1,1,1,1,1,1,8.0,5.0,6.0,1.0,17,27,i do not use a streaming service.,country,16-20,1-2,2022-09-01,3
60,2.0,1,132.0,3,1,3,1,2,1,2,3,3,4,2,4.0,4.0,2.0,0.0,17,33,youtube music,rock,56-60,1-2,2022-09-01,3
15,2.0,1,102.0,2,3,1,2,1,1,1,4,3,3,4,9.0,8.0,10.0,9.0,17,48,spotify,pop,11-15,1-2,2022-09-01,3
18,6.0,1,91.0,4,4,2,4,3,4,3,4,4,3,4,5.0,5.0,7.0,0.0,17,51,youtube music,edm,16-20,5-6,2022-09-01,3
58,3.0,1,127.0,3,3,2,4,3,4,1,2,4,3,1,4.0,6.0,8.0,1.0,18,2,other streaming service,hip hop,56-60,2-3,2022-09-01,3
28,1.0,1,82.0,3,2,2,3,3,4,2,3,3,3,3,4.0,8.0,5.0,0.0,18,10,other streaming service,lofi,26-30,0-1,2022-09-01,3
22,4.0,1,141.0,2,1,3,2,1,4,2,3,2,4,1,9.0,10.0,6.0,7.0,18,11,spotify,lofi,21-25,3-4,2022-09-01,3
49,0.5,0,114.0,4,2,3,3,2,1,2,3,1,2,2,3.0,2.0,2.0,2.0,18,38,youtube music,classical,46-50,0-1,2022-09-01,3
20,8.0,1,148.0,1,2,3,1,1,2,3,2,3,4,3,6.0,2.0,2.0,1.0,19,8,youtube music,rock,16-20,7-8,2022-09-01,3
55,15.0,1,156.0,2,1,4,1,2,1,1,2,1,4,1,2.0,0.0,3.0,0.0,19,9,youtube music,rock,51-55,14-15,2022-09-01,2
48,1.5,1,185.0,2,2,1,1,1,1,3,1,2,2,2,10.0,8.0,0.0,4.0,19,36,spotify,metal,46-50,1-2,2022-09-01,3
14,2.0,1,114.0,3,2,1,3,1,3,1,2,2,1,2,4.0,4.0,2.0,2.0,19,39,spotify,k pop,11-15,1-2,2022-09-01,3
18,3.0,1,120.0,3,3,2,4,4,3,2,4,4,3,3,7.0,8.0,6.0,2.0,19,39,spotify,pop,16-20,2-3,2022-09-01,3
25,1.0,1,80.0,4,2,2,3,1,2,4,4,2,3,3,7.0,6.0,5.0,5.0,19,44,spotify,pop,21-25,0-1,2022-09-01,3
18,0.25,1,100.0,3,1,2,1,3,1,1,2,2,2,1,1.0,0.0,0.0,0.0,20,2,i do not use a streaming service.,gospel,16-20,0-1,2022-09-01,3
60,1.0,0,100.0,3,1,1,2,1,1,1,1,1,2,1,6.0,2.0,8.0,0.0,20,36,youtube music,gospel,56-60,0-1,2022-09-01,3
18,1.0,1,116.0,2,3,3,2,1,1,3,1,2,3,4,4.0,5.0,7.0,0.0,21,5,i do not use a streaming service.,video game music,16-20,0-1,2022-09-01,2
19,5.0,1,99.0,2,3,2,4,4,1,2,3,3,2,3,10.0,7.0,0.0,0.0,21,7,spotify,hip hop,16-20,4-5,2022-09-01,3
18,1.0,0,129.0,2,1,3,1,3,1,1,4,3,3,1,4.0,2.0,1.0,0.0,21,14,i do not use a streaming service.,pop,16-20,0-1,2022-09-01,3
36,1.0,1,131.0,3,1,1,4,1,1,1,4,3,3,1,7.0,6.0,2.0,3.0,21,24,pandora,hip hop,36-40,0-1,2022-09-01,3
14,7.0,1,95.0,1,1,1,3,1,4,1,4,1,1,2,3.0,2.0,8.0,0.0,22,38,spotify,lofi,11-15,6-7,2022-09-01,3
20,3.0,0,80.0,4,2,3,4,3,2,2,3,3,4,2,10.0,7.0,4.0,3.0,23,11,spotify,hip hop,16-20,2-3,2022-09-01,3
15,3.0,1,100.0,2,2,1,4,1,1,1,2,3,3,4,4.0,0.0,0.0,0.0,0,8,spotify,k pop,11-15,2-3,2022-09-02,2
19,7.0,1,128.0,3,1,2,1,1,1,2,1,1,4,3,7.0,7.0,0.0,0.0,0,20,i do not use a streaming service.,rock,16-20,6-7,2022-09-02,3
29,8.0,1,140.0,2,4,3,3,1,2,3,1,1,4,4,6.0,7.0,4.0,1.0,0,32,spotify,edm,26-30,7-8,2022-09-02,3
24,2.0,1,159.0,1,4,3,1,1,2,4,2,1,3,2,7.0,6.0,2.0,7.0,1,3,spotify,metal,21-25,1-2,2022-09-02,3
18,2.0,1,104.0,2,2,2,4,3,2,3,4,4,4,1,6.0,5.0,8.0,0.0,1,59,apple music,pop,16-20,1-2,2022-09-02,3
21,2.0,1,97.0,3,1,3,2,1,2,1,4,2,4,2,10.0,10.0,2.0,3.0,2,19,spotify,rock,21-25,1-2,2022-09-02,3
19,2.0,1,80.0,2,2,1,3,1,3,1,3,4,3,3,7.0,6.0,5.0,1.0,3,6,spotify,k pop,16-20,1-2,2022-09-02,3
25,4.0,0,134.0,3,1,2,1,4,1,1,4,3,1,4,3.0,0.0,0.0,0.0,3,27,spotify,video game music,21-25,3-4,2022-09-02,3
28,8.0,1,100.0,2,2,3,3,2,4,2,4,3,4,3,8.0,2.0,1.0,0.0,3,32,spotify,rock,26-30,7-8,2022-09-02,2
27,4.0,1,135.0,2,1,1,3,1,3,1,2,1,2,2,7.0,6.0,6.0,5.0,3,36,other streaming service,rap,26-30,3-4,2022-09-02,3
60,1.0,0,129.0,3,1,3,1,1,1,1,2,2,3,1,3.0,2.0,5.0,0.0,4,6,spotify,rock,56-60,0-1,2022-09-02,2
25,5.0,0,100.0,2,1,2,1,1,1,4,3,1,3,2,8.0,2.0,1.0,0.0,4,56,youtube music,metal,21-25,4-5,2022-09-02,3
60,2.0,1,100.0,2,1,1,1,1,1,3,2,3,4,1,7.0,7.0,2.0,4.0,4,56,other streaming service,rock,56-60,1-2,2022-09-02,3
43,1.0,0,110.0,1,1,1,2,1,1,1,3,1,2,1,5.0,1.0,1.0,1.0,5,21,other streaming service,country,41-45,0-1,2022-09-02,3
51,5.0,1,180.0,3,1,3,1,1,1,3,2,2,4,2,1.0,2.0,1.0,0.0,5,40,i do not use a streaming service.,rock,51-55,4-5,2022-09-02,2
18,8.0,1,70.0,3,2,2,1,2,2,1,3,2,3,1,2.0,1.0,2.0,2.0,5,49,youtube music,rock,16-20,7-8,2022-09-02,3
18,2.0,1,100.0,4,2,4,2,2,2,1,4,2,2,1,5.0,2.0,4.0,0.0,6,20,youtube music,classical,16-20,1-2,2022-09-02,3
22,2.0,1,100.0,3,3,3,3,1,4,2,4,2,3,2,7.0,2.0,1.0,0.0,6,41,spotify,pop,21-25,1-2,2022-09-02,3
24,1.0,1,103.0,3,4,4,3,2,4,2,3,2,4,4,10.0,2.0,7.0,8.0,7,13,youtube music,folk,21-25,0-1,2022-09-02,3
19,8.0,1,99.0,2,3,4,4,3,2,2,4,1,4,2,7.0,2.0,1.0,6.0,7,13,spotify,pop,16-20,7-8,2022-09-02,3
56,8.0,1,117.0,3,2,3,3,2,2,3,3,3,3,1,6.0,4.0,1.0,0.0,7,29,apple music,pop,56-60,7-8,2022-09-02,3
20,1.0,0,102.0,2,4,1,3,2,4,2,4,1,1,1,5.0,9.0,6.0,1.0,7,53,spotify,edm,16-20,0-1,2022-09-02,3
19,1.0,1,127.0,4,1,2,3,2,4,1,3,3,2,4,7.0,5.0,7.0,0.0,8,5,i do not use a streaming service.,video game music,16-20,0-1,2022-09-02,3
20,8.0,1,93.0,2,2,4,3,3,4,1,3,2,3,2,7.0,6.0,7.0,4.0,8,6,spotify,jazz,16-20,7-8,2022-09-02,3
60,2.0,1,100.0,2,1,2,1,1,1,2,3,3,4,1,0.0,0.0,0.0,0.0,9,15,spotify,rock,56-60,1-2,2022-09-02,3
18,6.0,1,146.0,2,1,2,2,3,1,1,3,4,3,1,3.0,5.0,0.0,2.0,9,25,apple music,r&b,16-20,5-6,2022-09-02,2
28,3.0,0,100.0,4,2,3,2,3,4,4,2,3,4,4,8.0,8.0,5.0,2.0,9,54,spotify,metal,26-30,2-3,2022-09-02,3
18,4.0,1,150.0,4,4,1,1,1,2,1,3,1,2,3,8.0,7.0,10.0,6.0,14,9,i do not use a streaming service.,edm,16-20,3-4,2022-09-02,3
42,2.0,1,85.0,2,1,1,2,1,1,1,3,2,3,2,2.0,4.0,5.0,2.0,14,31,spotify,rock,41-45,1-2,2022-09-02,3
18,3.0,1,122.0,4,1,2,1,1,2,2,3,1,1,3,7.0,3.0,9.0,2.0,15,24,i do not use a streaming service.,classical,16-20,2-3,2022-09-02,3
22,4.0,0,100.0,2,4,3,2,1,1,2,4,4,3,1,8.0,7.0,4.0,4.0,16,14,i do not use a streaming service.,pop,21-25,3-4,2022-09-02,3
56,2.0,0,120.0,3,3,3,1,2,2,2,3,2,3,2,0.0,0.0,0.0,5.0,16,36,other streaming service,jazz,56-60,1-2,2022-09-02,2
20,1.0,1,120.0,1,3,1,2,2,2,1,4,3,2,1,8.0,6.0,9.0,8.0,19,20,youtube music,pop,16-20,0-1,2022-09-02,3
15,1.0,1,150.0,1,3,1,3,1,4,3,3,2,4,4,4.0,2.0,3.0,2.0,19,39,spotify,video game music,11-15,0-1,2022-09-02,3
18,1.0,0,100.0,3,1,3,3,3,1,3,3,3,3,1,3.0,2.0,2.0,2.0,21,14,i do not use a streaming service.,rock,16-20,0-1,2022-09-02,3
57,2.0,1,174.0,3,1,2,1,2,1,1,3,3,2,1,6.0,4.0,10.0,0.0,21,19,spotify,gospel,56-60,1-2,2022-09-02,3
22,7.0,1,112.0,1,3,2,4,3,1,1,4,4,3,2,8.0,8.0,10.0,0.0,22,18,apple music,pop,21-25,6-7,2022-09-02,3
17,5.0,1,180.0,1,3,1,3,2,2,1,4,4,2,2,5.0,5.0,5.0,5.0,3,54,spotify,pop,16-20,4-5,2022-09-03,3
19,3.0,1,121.0,1,1,2,1,1,1,2,4,1,4,3,10.0,2.0,6.0,2.0,5,27,spotify,rock,16-20,2-3,2022-09-03,2
50,1.0,0,98.0,3,1,1,4,2,1,2,4,3,4,1,0.0,0.0,7.0,0.0,7,9,i do not use a streaming service.,rock,46-50,0-1,2022-09-03,3
24,6.0,1,118.0,1,3,4,2,1,2,4,3,1,4,3,8.0,8.0,10.0,0.0,8,53,spotify,rock,21-25,5-6,2022-09-03,3
18,2.0,0,100.0,3,1,1,2,1,1,3,3,1,3,1,8.0,2.0,0.0,0.0,10,20,apple music,rock,16-20,1-2,2022-09-03,2
18,3.0,1,135.0,3,1,2,2,1,1,4,1,2,2,1,7.0,8.0,4.0,10.0,10,41,other streaming service,metal,16-20,2-3,2022-09-03,3
20,1.5,1,100.0,2,3,1,3,2,1,1,3,1,3,1,0.0,2.0,0.0,1.0,12,26,spotify,country,16-20,1-2,2022-09-03,3
15,4.0,1,105.0,1,1,1,2,2,3,2,4,3,4,3,3.0,5.0,4.0,0.0,13,52,spotify,pop,11-15,3-4,2022-09-03,3
17,2.0,1,122.0,2,1,2,3,2,1,1,4,1,1,1,5.0,2.0,3.0,1.0,14,8,spotify,pop,16-20,1-2,2022-09-03,3
32,2.0,1,100.0,1,3,3,3,2,3,1,3,3,3,3,6.0,1.0,0.0,0.0,14,35,youtube music,folk,31-35,1-2,2022-09-03,3
18,2.0,0,136.0,2,1,1,4,1,1,2,3,2,2,4,6.0,3.0,4.0,2.0,15,52,spotify,rap,16-20,1-2,2022-09-03,3
18,1.0,1,165.0,3,3,1,2,1,2,4,3,1,4,2,5.0,6.0,8.0,2.0,15,52,spotify,rock,16-20,0-1,2022-09-03,3
18,3.0,1,130.0,3,1,1,3,1,2,1,3,4,3,2,8.0,4.0,7.0,5.0,16,0,spotify,k pop,16-20,2-3,2022-09-03,3
19,3.0,1,100.0,1,4,1,4,2,2,2,4,3,2,3,1.0,1.0,2.0,3.0,16,24,spotify,pop,16-20,2-3,2022-09-03,3
18,2.0,0,115.0,1,1,1,2,1,1,3,3,2,4,1,8.0,3.0,1.0,3.0,17,14,spotify,rock,16-20,1-2,2022-09-03,3
17,6.0,1,140.0,2,2,1,4,1,3,1,3,3,2,1,3.0,3.0,0.0,0.0,18,1,other streaming service,rap,16-20,5-6,2022-09-03,3
34,3.0,1,95.0,4,1,1,1,1,2,3,2,1,3,3,0.0,0.0,0.0,0.0,18,23,spotify,classical,31-35,2-3,2022-09-03,2
18,3.0,1,150.0,2,3,2,4,1,2,2,4,2,2,3,5.0,4.0,2.0,0.0,18,37,youtube music,pop,16-20,2-3,2022-09-03,2
18,2.0,1,97.0,1,1,1,4,2,2,1,3,4,2,1,2.0,4.0,0.0,0.0,20,49,spotify,r&b,16-20,1-2,2022-09-03,3
22,2.0,1,100.0,3,2,1,2,2,2,1,2,1,1,4,4.0,6.0,0.0,2.0,20,58,i do not use a streaming service.,video game music,21-25,1-2,2022-09-03,3
18,2.0,1,100.0,3,3,1,2,1,3,1,4,2,3,3,5.0,7.0,2.0,0.0,21,8,spotify,pop,16-20,1-2,2022-09-03,3
19,3.0,1,122.0,3,2,3,3,2,2,2,3,2,4,1,4.0,0.0,7.0,0.0,21,52,spotify,rock,16-20,2-3,2022-09-03,2
25,4.0,1,150.0,2,3,1,4,2,2,3,4,2,4,2,10.0,8.0,6.0,2.0,2,32,i do not use a streaming service.,pop,21-25,3-4,2022-09-04,2
17,2.0,1,100.0,4,1,2,2,2,3,2,4,4,3,1,3.0,3.0,1.0,0.0,5,1,spotify,r&b,16-20,1-2,2022-09-04,3
25,5.0,1,125.0,3,2,1,3,1,2,3,3,1,4,3,8.0,7.0,2.0,1.0,5,22,spotify,rock,21-25,4-5,2022-09-04,3
18,2.0,1,96.0,3,1,1,3,1,4,2,4,4,4,2,3.0,3.0,0.0,3.0,9,22,spotify,r&b,16-20,1-2,2022-09-04,3
21,1.0,1,100.0,2,3,2,4,2,2,3,4,3,4,2,4.0,5.0,2.0,5.0,10,7,spotify,k pop,21-25,0-1,2022-09-04,3
24,7.0,1,137.0,3,2,4,2,2,3,2,4,2,4,4,10.0,10.0,8.0,10.0,10,48,spotify,folk,21-25,6-7,2022-09-04,3
16,3.0,1,174.0,2,3,1,2,3,3,1,4,2,1,1,10.0,2.0,7.0,8.0,11,15,spotify,k pop,16-20,2-3,2022-09-04,3
18,3.0,0,100.0,1,1,2,3,2,1,4,2,3,3,2,4.0,6.0,8.0,5.0,11,25,spotify,metal,16-20,2-3,2022-09-04,3
18,4.0,1,129.0,2,2,1,4,1,2,1,4,4,4,2,6.0,4.0,1.0,6.0,13,7,spotify,r&b,16-20,3-4,2022-09-04,3
16,3.0,1,112.0,4,1,1,2,1,1,1,4,4,3,1,3.0,4.0,6.0,8.0,15,41,spotify,pop,16-20,2-3,2022-09-04,3
18,1.0,1,100.0,4,1,3,1,3,1,1,1,1,1,1,10.0,10.0,10.0,0.0,16,26,pandora,gospel,16-20,0-1,2022-09-04,3
21,1.0,0,81.0,1,1,1,4,1,1,1,4,4,1,1,3.0,0.0,0.0,0.0,20,38,spotify,r&b,21-25,0-1,2022-09-04,3
53,4.0,1,153.0,2,2,2,4,2,1,3,2,3,3,2,1.0,0.0,0.0,0.0,21,29,pandora,r&b,51-55,3-4,2022-09-04,3
29,4.0,1,120.0,4,4,1,1,2,2,1,3,1,2,2,5.0,6.0,7.0,7.0,21,44,spotify,classical,26-30,3-4,2022-09-04,2
18,3.0,1,89.0,3,1,1,1,1,4,1,2,3,1,4,7.0,0.0,3.0,1.0,22,32,spotify,video game music,16-20,2-3,2022-09-04,2
29,2.0,1,100.0,1,2,2,4,1,3,2,4,1,1,4,10.0,8.0,8.0,9.0,2,8,spotify,pop,26-30,1-2,2022-09-05,3
18,4.0,1,169.0,2,4,1,4,3,3,2,3,4,2,3,3.0,0.0,3.0,4.0,6,29,spotify,r&b,16-20,3-4,2022-09-05,3
22,5.0,1,138.0,1,4,1,4,1,4,1,4,4,4,3,1.0,0.0,0.0,1.0,8,21,spotify,edm,21-25,4-5,2022-09-05,2
19,6.0,1,124.0,3,2,2,3,4,2,2,4,3,3,3,6.0,6.0,0.0,0.0,12,10,other streaming service,pop,16-20,5-6,2022-09-05,3
13,1.0,1,100.0,1,3,1,2,1,3,2,2,2,3,4,4.0,3.0,4.0,0.0,21,56,youtube music,video game music,11-15,0-1,2022-09-05,3
26,1.0,0,192.0,1,3,3,2,3,4,1,4,2,3,1,6.0,4.0,0.0,0.0,9,40,i do not use a streaming service.,pop,26-30,0-1,2022-09-06,3
14,3.0,1,76.0,1,1,1,3,1,1,2,3,1,4,3,2.0,6.0,3.0,0.0,10,12,spotify,rock,11-15,2-3,2022-09-06,1
27,1.0,1,119.0,2,2,1,3,1,3,1,4,3,3,4,8.0,3.0,3.0,3.0,11,15,spotify,pop,26-30,0-1,2022-09-06,3
26,8.0,0,172.0,1,3,4,4,1,1,3,3,4,4,4,8.0,10.0,7.0,3.0,11,19,spotify,rock,26-30,7-8,2022-09-06,2
59,1.0,0,79.0,2,1,2,1,2,1,1,2,2,4,1,1.0,0.0,0.0,1.0,12,36,other streaming service,rock,56-60,0-1,2022-09-06,3
30,8.0,1,112.0,3,1,2,3,3,3,2,3,3,4,1,8.0,6.0,6.0,8.0,13,26,spotify,rock,26-30,7-8,2022-09-06,3
27,1.0,1,130.0,1,3,1,3,3,1,1,4,3,3,1,6.0,3.0,1.0,7.0,14,43,spotify,pop,26-30,0-1,2022-09-06,3
18,1.0,0,116.0,2,1,1,3,2,3,1,3,1,1,3,2.0,0.0,3.0,0.0,15,53,apple music,rap,16-20,0-1,2022-09-06,3
23,10.0,1,165.0,1,1,1,1,1,1,4,1,1,3,1,0.0,0.0,0.0,0.0,19,27,i do not use a streaming service.,metal,21-25,9-10,2022-09-06,2
18,10.0,1,110.0,3,3,3,3,2,2,4,4,3,4,1,10.0,10.0,6.0,6.0,9,16,spotify,rock,16-20,9-10,2022-09-07,3
40,5.0,1,174.0,3,3,3,4,3,2,3,4,3,4,2,3.0,0.0,0.0,1.0,12,32,spotify,rock,36-40,4-5,2022-09-07,3
24,10.0,1,180.0,3,1,2,1,1,2,3,3,1,4,3,7.0,9.0,10.0,0.0,14,17,spotify,rock,21-25,9-10,2022-09-07,3
23,2.0,1,171.0,4,2,2,1,2,3,1,4,2,4,1,8.0,7.0,6.0,2.0,19,43,spotify,classical,21-25,1-2,2022-09-07,3
56,6.0,1,100.0,1,1,1,3,1,1,1,1,3,1,1,2.0,0.0,10.0,10.0,21,19,other streaming service,r&b,56-60,5-6,2022-09-07,3
29,2.0,1,70.0,2,4,1,4,3,3,1,4,4,1,3,10.0,2.0,9.0,3.0,15,6,spotify,r&b,26-30,1-2,2022-09-08,2
16,3.0,1,120.0,1,1,1,4,1,1,1,4,3,1,1,6.0,0.0,0.0,0.0,16,56,other streaming service,pop,16-20,2-3,2022-09-08,3
18,8.0,1,56.0,2,2,1,3,3,4,1,3,4,1,3,3.0,0.0,2.0,2.0,18,12,spotify,gospel,16-20,7-8,2022-09-08,3
21,8.0,1,162.0,4,4,4,4,4,4,4,4,4,4,4,6.0,5.0,9.0,8.0,18,14,spotify,lofi,21-25,7-8,2022-09-08,3
32,8.0,1,101.0,1,1,2,3,1,1,3,2,2,4,3,7.0,6.0,5.0,8.0,19,16,spotify,rock,31-35,7-8,2022-09-08,3
22,8.0,1,110.0,3,3,2,2,1,1,4,2,2,4,4,10.0,7.0,8.0,6.0,21,30,youtube music,metal,21-25,7-8,2022-09-08,3
17,12.0,1,172.0,4,2,2,4,4,2,3,2,1,4,3,0.0,3.0,9.0,5.0,23,40,spotify,latin,16-20,11-12,2022-09-08,2
18,6.0,1,90.0,2,4,1,3,4,4,1,4,4,2,3,0.0,2.0,1.0,5.0,7,19,spotify,edm,16-20,5-6,2022-09-09,3
18,4.0,1,135.0,3,3,1,3,4,2,1,3,4,1,2,2.0,0.0,0.0,0.0,7,48,spotify,r&b,16-20,3-4,2022-09-09,2
24,8.0,1,81.0,4,2,1,4,2,4,1,2,3,4,2,2.0,2.0,4.0,0.0,11,15,spotify,jazz,21-25,7-8,2022-09-09,2
21,2.0,0,170.0,2,1,1,3,1,3,3,4,3,4,3,5.0,6.0,3.0,4.0,11,25,spotify,pop,21-25,1-2,2022-09-09,2
46,1.0,0,120.0,1,1,1,1,1,1,1,3,1,3,1,0.0,0.0,1.0,0.0,18,44,i do not use a streaming service.,rock,46-50,0-1,2022-09-09,2
18,2.0,1,90.0,1,1,1,4,1,3,1,3,4,1,1,5.0,4.0,3.0,7.0,22,31,spotify,hip hop,16-20,1-2,2022-09-09,3
16,3.0,1,115.0,2,2,1,4,1,3,1,4,4,4,3,2.0,7.0,0.0,0.0,23,34,spotify,k pop,16-20,2-3,2022-09-09,3
21,1.0,1,100.0,4,2,3,3,1,4,2,3,1,3,4,0.0,6.0,0.0,4.0,2,59,spotify,video game music,21-25,0-1,2022-09-10,3
19,0.0,0,100.0,4,3,2,3,2,2,1,2,2,2,2,0.0,0.0,0.0,0.0,6,7,i do not use a streaming service.,classical,16-20,0-1,2022-09-10,3
20,2.0,1,100.0,3,2,1,3,1,2,1,3,3,3,3,7.0,5.0,1.0,3.0,9,6,spotify,rap,16-20,1-2,2022-09-10,3
21,0.1,1,100.0,3,1,4,2,1,1,1,2,1,3,1,7.0,5.0,3.0,1.0,22,8,other streaming service,folk,21-25,0-1,2022-09-10,2
56,2.0,1,100.0,2,1,1,1,1,1,4,1,1,4,1,3.0,3.0,1.0,8.0,9,39,i do not use a streaming service.,rock,56-60,1-2,2022-09-12,3
21,12.0,1,160.0,3,4,2,3,1,3,4,3,2,4,2,7.0,10.0,4.0,7.0,11,45,spotify,rock,21-25,11-12,2022-09-12,1
20,1.0,1,121.0,2,1,4,2,1,3,2,4,2,4,1,3.0,2.0,3.0,0.0,12,9,spotify,pop,16-20,0-1,2022-09-12,3
21,1.0,1,105.0,3,2,1,2,1,1,2,3,1,4,2,5.0,1.0,1.0,9.0,12,14,apple music,rock,21-25,0-1,2022-09-12,3
25,3.0,1,110.0,1,1,3,1,1,3,1,2,1,4,3,8.0,9.0,4.0,10.0,12,15,spotify,rock,21-25,2-3,2022-09-12,3
33,2.0,1,134.0,2,1,3,3,1,1,4,3,3,4,3,4.0,8.0,0.0,0.0,12,46,spotify,metal,31-35,1-2,2022-09-12,3
20,2.0,1,148.0,2,2,2,3,3,3,4,4,3,4,2,7.0,9.0,7.0,0.0,13,31,spotify,rock,16-20,1-2,2022-09-12,3
17,3.0,1,120.0,3,3,1,1,1,2,4,4,1,4,1,1.0,5.0,6.0,4.0,13,33,spotify,rock,16-20,2-3,2022-09-12,2
24,1.0,0,122.0,2,3,2,1,1,2,2,3,2,3,4,3.0,2.0,1.0,0.0,13,46,youtube music,jazz,21-25,0-1,2022-09-12,2
26,3.0,1,90.0,2,2,2,3,3,2,4,2,3,4,2,6.0,8.0,0.0,0.0,13,55,spotify,jazz,26-30,2-3,2022-09-12,3
17,3.0,1,122.0,2,1,2,2,1,2,4,3,1,4,4,6.0,3.0,6.0,0.0,14,20,youtube music,rock,16-20,2-3,2022-09-12,3
16,5.0,1,129.0,3,1,2,2,1,2,4,3,1,4,3,7.0,4.0,8.0,0.0,14,27,spotify,metal,16-20,4-5,2022-09-12,3
27,8.0,1,132.0,1,2,1,3,1,1,4,4,4,3,1,2.0,6.0,9.0,1.0,14,29,spotify,metal,26-30,7-8,2022-09-12,2
28,4.0,1,178.0,2,3,2,4,4,3,2,4,2,3,2,8.0,5.0,3.0,8.0,14,42,spotify,hip hop,26-30,3-4,2022-09-12,3
48,5.0,1,100.0,4,3,4,3,2,1,2,2,2,4,2,3.0,3.0,0.0,0.0,14,44,i do not use a streaming service.,rock,46-50,4-5,2022-09-12,3
19,3.0,1,115.0,1,2,2,3,1,4,3,4,3,3,3,7.0,5.0,3.0,3.0,15,7,spotify,rap,16-20,2-3,2022-09-12,3
21,4.0,1,137.0,3,2,4,3,1,2,3,4,3,4,2,4.0,8.0,2.0,3.0,15,12,youtube music,rock,21-25,3-4,2022-09-12,3
21,1.0,1,92.0,4,1,1,1,1,1,1,1,1,1,2,3.0,0.0,0.0,5.0,16,24,i do not use a streaming service.,classical,21-25,0-1,2022-09-12,3
15,4.0,1,140.0,2,3,2,2,1,1,4,3,3,4,2,10.0,7.0,3.0,2.0,18,7,spotify,metal,11-15,3-4,2022-09-12,3
20,1.0,0,130.0,3,2,4,2,1,1,1,4,2,4,1,10.0,4.0,8.0,0.0,18,9,spotify,rock,16-20,0-1,2022-09-12,3
21,2.0,1,100.0,3,2,3,1,3,3,2,4,3,4,4,2.0,2.0,0.0,0.0,18,10,youtube music,video game music,21-25,1-2,2022-09-12,3
22,6.0,1,63.0,1,3,4,2,3,3,1,2,2,4,3,8.0,7.0,7.0,3.0,18,54,spotify,folk,21-25,5-6,2022-09-12,3
22,2.0,0,119.0,2,1,1,2,1,1,4,4,1,4,3,10.0,5.0,2.0,8.0,19,3,spotify,rock,21-25,1-2,2022-09-12,3
31,1.0,1,100.0,4,3,2,2,2,3,3,3,1,4,4,9.0,10.0,10.0,6.0,19,13,spotify,rock,31-35,0-1,2022-09-12,2
20,4.0,1,180.0,2,1,1,1,1,1,4,1,1,4,3,5.0,2.0,1.0,6.0,19,41,youtube music,metal,16-20,3-4,2022-09-12,3
49,8.0,1,68.0,4,1,1,1,1,1,2,2,1,2,1,4.0,8.0,9.0,1.0,20,7,i do not use a streaming service.,classical,46-50,7-8,2022-09-12,3
42,2.0,1,85.0,3,1,1,2,3,2,4,4,3,4,4,7.0,8.0,5.0,3.0,22,24,spotify,metal,41-45,1-2,2022-09-12,3
26,2.0,1,128.0,2,4,3,3,3,2,2,3,2,4,1,2.0,2.0,0.0,3.0,22,26,spotify,edm,26-30,1-2,2022-09-12,2
17,10.0,1,150.0,2,2,2,4,2,3,4,4,3,4,3,10.0,3.0,0.0,4.0,23,9,spotify,k pop,16-20,9-10,2022-09-12,3
30,0.0,0,100.0,2,2,1,1,1,1,3,1,1,2,2,10.0,10.0,10.0,9.0,23,16,i do not use a streaming service.,metal,26-30,0-1,2022-09-12,3
23,6.0,1,92.0,3,2,3,3,2,2,2,3,3,4,2,3.0,7.0,7.0,4.0,23,56,spotify,folk,21-25,5-6,2022-09-12,2
30,3.0,1,121.0,2,4,1,3,1,1,2,4,3,3,1,7.0,5.0,7.0,7.0,0,48,apple music,edm,26-30,2-3,2022-09-13,3
31,2.0,1,155.0,2,1,4,3,1,1,4,4,4,4,3,7.0,4.0,8.0,8.0,1,55,spotify,metal,31-35,1-2,2022-09-13,3
42,0.25,0,150.0,4,1,1,1,2,1,2,3,2,3,1,7.0,9.0,4.0,5.0,1,57,other streaming service,classical,41-45,0-1,2022-09-13,3
34,2.0,0,136.0,3,1,3,2,2,1,4,3,2,4,1,5.0,9.0,9.0,6.0,4,45,youtube music,metal,31-35,1-2,2022-09-13,3
21,2.0,1,121.0,3,4,2,2,3,2,3,4,4,3,3,5.0,4.0,10.0,7.0,5,57,youtube music,pop,21-25,1-2,2022-09-13,2
27,3.0,1,113.0,2,2,2,4,2,2,2,4,4,3,2,7.0,2.0,0.0,1.0,7,6,youtube music,pop,26-30,2-3,2022-09-13,3
18,6.0,1,80.0,1,4,4,3,2,3,3,4,3,4,3,8.0,6.0,0.0,2.0,7,12,spotify,folk,16-20,5-6,2022-09-13,3
26,3.0,0,140.0,2,1,4,3,1,2,4,2,2,4,2,1.0,3.0,10.0,0.0,8,5,spotify,metal,26-30,2-3,2022-09-13,2
37,2.0,1,100.0,1,1,1,2,1,1,3,3,2,3,1,8.0,10.0,10.0,2.0,8,36,spotify,rock,36-40,1-2,2022-09-13,1
26,5.0,1,92.0,3,2,4,4,2,2,3,3,3,4,2,4.0,7.0,6.0,0.0,9,29,spotify,folk,26-30,4-5,2022-09-13,2
19,4.0,0,120.0,1,3,1,3,3,2,1,4,3,3,3,9.0,6.0,3.0,0.0,11,16,spotify,pop,16-20,3-4,2022-09-13,2
22,4.0,1,93.0,1,1,1,2,1,2,3,4,2,4,4,10.0,7.0,4.0,4.0,13,18,spotify,rock,21-25,3-4,2022-09-13,3
43,0.0,0,100.0,2,1,1,2,1,1,1,3,2,3,1,1.0,2.0,2.0,0.0,13,58,i do not use a streaming service.,rock,41-45,0-1,2022-09-13,2
24,12.0,1,136.0,3,1,3,2,2,1,4,4,2,4,4,7.0,10.0,0.0,8.0,16,16,i do not use a streaming service.,rock,21-25,11-12,2022-09-13,3
21,0.5,0,108.0,1,1,1,1,1,1,1,3,1,1,1,10.0,2.0,1.0,10.0,16,34,i do not use a streaming service.,pop,21-25,0-1,2022-09-13,1
28,1.0,1,147.0,2,1,2,1,1,1,1,3,1,3,1,2.0,1.0,2.0,2.0,22,19,i do not use a streaming service.,rock,26-30,0-1,2022-09-13,3
23,3.0,1,93.0,4,1,4,4,2,4,2,4,4,3,2,3.0,10.0,0.0,0.0,23,6,youtube music,r&b,21-25,2-3,2022-09-13,2
20,12.0,0,98.0,1,2,3,3,1,1,3,4,3,4,3,7.0,10.0,2.0,0.0,0,9,apple music,rock,16-20,11-12,2022-09-14,3
17,4.0,1,120.0,1,4,1,1,1,2,4,3,1,4,3,4.0,2.0,0.0,0.0,0,58,spotify,metal,16-20,3-4,2022-09-14,3
19,3.0,1,130.0,2,2,2,2,1,1,1,3,3,3,2,4.0,2.0,5.0,3.0,7,7,spotify,r&b,16-20,2-3,2022-09-14,3
32,1.0,1,100.0,3,3,3,2,2,1,4,2,2,4,2,6.0,8.0,7.0,0.0,9,56,spotify,metal,31-35,0-1,2022-09-14,3
18,4.0,0,123.0,3,3,4,3,1,3,4,4,2,4,4,8.0,6.0,4.0,0.0,12,44,youtube music,folk,16-20,3-4,2022-09-14,3
20,2.0,1,135.0,3,1,2,1,1,1,1,4,1,4,3,2.0,2.0,0.0,0.0,0,33,other streaming service,rock,16-20,1-2,2022-09-15,2
27,3.0,1,105.0,2,4,2,2,1,4,4,2,2,4,4,8.0,7.0,9.0,3.0,9,41,spotify,rock,26-30,2-3,2022-09-15,3
15,3.0,1,132.0,3,1,1,1,1,2,4,1,1,4,2,4.0,3.0,5.0,0.0,11,9,spotify,rock,11-15,2-3,2022-09-15,2
26,1.0,1,100.0,2,3,3,1,2,4,2,4,2,4,3,6.0,1.0,0.0,4.0,15,30,spotify,rock,26-30,0-1,2022-09-15,2
24,2.0,1,115.0,1,1,1,3,1,2,1,4,4,2,2,6.0,6.0,3.0,6.0,1,47,spotify,pop,21-25,1-2,2022-09-16,3
20,1.0,1,120.0,3,2,1,1,1,3,1,4,3,2,1,8.0,7.0,1.0,1.0,9,24,spotify,k pop,16-20,0-1,2022-09-16,2
21,0.5,1,100.0,1,1,2,2,1,3,1,4,2,3,2,5.0,3.0,4.0,1.0,21,55,youtube music,pop,21-25,0-1,2022-09-16,3
16,2.0,1,149.0,4,1,1,1,1,1,1,2,1,1,4,6.0,2.0,4.0,3.0,16,23,spotify,video game music,16-20,1-2,2022-09-18,3
21,11.0,1,125.0,2,3,2,4,2,4,4,4,3,4,4,5.0,6.0,6.0,0.0,20,32,spotify,metal,21-25,10-11,2022-09-18,3
27,10.0,1,132.0,4,1,4,2,2,3,3,3,3,3,3,6.0,10.0,8.0,1.0,8,12,spotify,jazz,26-30,9-10,2022-09-19,3
17,5.0,1,110.0,4,2,3,4,2,4,1,3,4,4,3,7.0,3.0,9.0,7.0,9,37,spotify,rock,16-20,4-5,2022-09-19,3
21,1.5,1,110.0,4,4,4,3,2,3,2,4,2,3,3,4.0,6.0,0.0,0.0,18,34,spotify,classical,21-25,1-2,2022-09-19,2
17,2.0,1,116.0,4,1,4,2,3,3,1,4,2,3,2,9.0,4.0,0.0,1.0,20,9,spotify,folk,16-20,1-2,2022-09-19,3
21,3.0,0,145.0,3,1,2,4,1,3,2,3,3,2,3,9.0,7.0,7.0,5.0,23,53,spotify,rap,21-25,2-3,2022-09-19,3
17,2.0,0,100.0,3,3,4,3,1,1,3,3,3,4,3,5.0,10.0,2.0,7.0,21,12,youtube music,rock,16-20,1-2,2022-09-21,2
36,3.0,1,105.0,4,3,1,2,3,1,1,2,3,1,1,1.0,0.0,1.0,0.0,12,32,youtube music,country,36-40,2-3,2022-09-22,3
18,4.0,0,80.0,2,2,1,4,1,2,1,4,4,1,1,8.0,7.0,2.0,6.0,15,3,spotify,r&b,16-20,3-4,2022-09-22,3
18,1.0,0,100.0,1,2,1,4,1,3,1,3,3,2,1,5.0,1.0,4.0,0.0,21,7,spotify,k pop,16-20,0-1,2022-09-23,3
18,5.0,1,73.0,4,2,1,3,4,3,1,4,3,3,1,10.0,6.0,0.0,0.0,23,5,apple music,latin,16-20,4-5,2022-09-23,3
18,2.0,1,80.0,1,1,1,3,1,1,1,4,4,1,1,7.0,5.0,5.0,5.0,23,6,apple music,r&b,16-20,1-2,2022-09-23,3
18,7.0,1,100.0,4,1,1,4,1,3,1,3,3,2,2,3.0,1.0,0.0,3.0,23,6,spotify,hip hop,16-20,6-7,2022-09-23,3
18,2.0,1,100.0,2,2,1,3,1,3,1,3,2,1,2,5.0,8.0,7.0,4.0,23,43,spotify,rap,16-20,1-2,2022-09-23,3
18,1.0,1,120.0,3,2,2,3,2,4,1,2,2,2,2,2.0,0.0,0.0,5.0,0,42,i do not use a streaming service.,classical,16-20,0-1,2022-09-24,2
18,1.0,0,117.0,4,3,1,3,1,1,1,3,1,1,2,7.0,0.0,0.0,0.0,10,25,i do not use a streaming service.,classical,16-20,0-1,2022-09-24,2
18,4.0,1,100.0,1,1,1,4,1,4,1,3,4,1,1,8.0,0.0,0.0,2.0,10,59,spotify,r&b,16-20,3-4,2022-09-24,2
20,6.0,1,89.0,2,1,2,3,3,3,1,4,4,1,2,4.0,1.0,1.0,0.0,14,1,spotify,r&b,16-20,5-6,2022-09-25,3
19,3.0,1,115.0,3,2,1,4,1,3,1,4,4,1,2,3.0,8.0,0.0,2.0,8,17,spotify,hip hop,16-20,2-3,2022-09-27,3
17,4.0,1,144.0,3,1,1,4,1,4,1,3,1,1,1,7.0,0.0,2.0,2.0,11,46,spotify,hip hop,16-20,3-4,2022-09-27,3
23,4.0,1,105.0,2,4,2,2,1,4,3,3,3,3,4,10.0,8.0,10.0,0.0,13,32,spotify,video game music,21-25,3-4,2022-09-27,3
18,1.0,1,114.0,1,1,3,2,1,3,1,4,2,3,1,7.0,1.0,1.0,1.0,17,25,youtube music,pop,16-20,0-1,2022-09-28,3
19,2.0,1,145.0,2,3,1,1,1,1,2,4,1,3,3,5.0,9.0,1.0,7.0,19,37,spotify,pop,16-20,1-2,2022-09-28,2
20,5.0,1,128.0,4,1,3,4,4,4,1,4,4,4,3,10.0,6.0,3.0,8.0,7,52,spotify,r&b,16-20,4-5,2022-10-02,3
16,3.0,0,90.0,2,1,2,3,3,1,1,1,3,4,1,7.0,3.5,3.5,5.5,9,30,spotify,rock,16-20,2-3,2022-10-03,3
17,4.0,1,110.0,3,1,1,2,2,3,1,4,2,3,1,2.0,0.0,0.0,2.0,10,0,spotify,country,16-20,3-4,2022-10-03,3
16,9.0,1,130.0,2,1,2,1,2,1,4,3,2,4,1,10.0,10.0,10.0,8.0,10,25,spotify,metal,16-20,8-9,2022-10-03,3
20,1.0,1,100.0,3,2,2,3,1,2,2,4,2,2,4,8.0,9.0,6.0,5.0,10,53,youtube music,pop,16-20,0-1,2022-10-03,1
30,1.0,1,115.0,3,2,2,2,1,3,3,4,2,4,3,9.0,7.0,8.0,4.0,11,30,youtube music,rock,26-30,0-1,2022-10-03,3
37,2.0,1,186.0,3,1,3,2,1,1,2,3,2,3,3,6.0,4.0,5.0,0.0,13,1,spotify,folk,36-40,1-2,2022-10-03,3
44,1.5,0,99.0,2,1,4,3,1,1,1,2,2,3,1,8.0,5.0,9.0,4.0,13,47,youtube music,folk,41-45,1-2,2022-10-03,3
21,2.0,1,150.0,1,2,1,1,1,1,4,2,1,4,2,3.0,7.0,0.0,0.0,15,38,spotify,metal,21-25,1-2,2022-10-03,3
19,4.0,1,149.0,3,1,2,1,1,3,1,4,1,1,1,9.0,1.0,0.0,9.0,16,43,spotify,pop,16-20,3-4,2022-10-03,3
23,1.0,1,100.0,2,3,3,3,1,3,3,4,3,4,4,8.0,6.0,1.0,4.0,20,3,spotify,rock,21-25,0-1,2022-10-03,3
26,1.0,0,120.0,3,3,2,2,1,1,2,3,1,3,2,4.0,1.0,1.0,6.0,0,48,spotify,country,26-30,0-1,2022-10-04,3
18,3.0,1,140.0,3,1,1,2,1,2,2,2,2,3,4,6.0,5.0,3.0,1.0,4,50,spotify,video game music,16-20,2-3,2022-10-04,2
35,4.0,1,90.0,3,2,3,4,3,4,2,4,4,3,4,7.0,8.0,6.0,5.0,8,12,spotify,hip hop,31-35,3-4,2022-10-04,3
16,8.0,1,120.0,4,2,3,1,2,2,2,3,2,4,3,8.0,9.0,5.0,10.0,8,53,spotify,rock,16-20,7-8,2022-10-04,3
19,5.0,1,100.0,1,4,1,2,1,1,4,2,1,4,3,8.0,6.0,7.0,0.0,14,50,spotify,metal,16-20,4-5,2022-10-04,3
23,3.0,1,100.0,1,1,2,1,1,2,1,3,2,4,1,10.0,5.0,2.0,0.0,19,33,i do not use a streaming service.,rock,21-25,2-3,2022-10-04,3
17,8.0,1,95.0,2,4,1,3,1,4,1,4,1,2,4,5.0,2.0,4.0,7.0,19,43,youtube music,pop,16-20,7-8,2022-10-04,2
29,1.0,0,163.0,3,1,3,3,2,1,2,3,2,4,1,9.0,3.0,2.0,0.0,8,58,apple music,country,26-30,0-1,2022-10-05,2
21,4.0,1,97.0,2,1,3,2,1,1,1,3,3,3,1,4.0,6.0,3.0,4.0,12,30,spotify,pop,21-25,3-4,2022-10-05,3
17,1.0,0,137.0,3,1,2,2,3,2,4,3,1,4,2,9.0,8.0,4.0,0.0,3,35,spotify,metal,16-20,0-1,2022-10-06,3
23,2.0,0,100.0,2,2,2,3,2,2,1,3,3,4,1,5.0,7.0,10.0,2.0,9,17,spotify,rock,21-25,1-2,2022-10-06,2
17,1.0,1,70.0,2,2,3,1,4,4,4,3,1,4,4,8.0,3.0,9.0,2.0,22,15,spotify,metal,16-20,0-1,2022-10-09,2
22,3.0,1,150.0,2,3,3,2,2,2,3,4,2,3,4,10.0,10.0,6.0,8.0,15,46,spotify,video game music,21-25,2-3,2022-10-11,3
17,5.0,1,168.0,2,4,1,4,1,3,2,4,4,2,2,7.0,7.0,5.0,5.0,18,1,spotify,hip hop,16-20,4-5,2022-10-14,3
19,5.0,1,163.0,4,2,1,2,3,4,2,4,2,3,2,10.0,8.0,1.0,0.0,20,42,spotify,pop,16-20,4-5,2022-10-14,3
19,4.0,1,140.0,3,3,1,3,2,3,3,4,3,3,3,8.0,6.0,2.0,0.0,14,0,spotify,pop,16-20,3-4,2022-10-15,3
16,6.0,1,105.0,2,3,2,3,4,2,1,4,4,1,1,10.0,7.0,6.0,10.0,15,20,spotify,pop,16-20,5-6,2022-10-22,3
19,6.0,1,78.0,2,2,1,3,2,3,1,4,2,2,3,6.0,6.0,8.0,0.0,20,50,spotify,pop,16-20,5-6,2022-10-23,3
13,1.0,1,128.0,2,1,2,4,2,4,4,4,1,3,4,10.0,10.0,8.0,4.0,19,45,spotify,video game music,11-15,0-1,2022-10-26,1
18,2.0,1,90.0,3,4,1,3,1,3,3,2,3,3,3,9.0,8.0,5.0,10.0,7,24,apple music,edm,16-20,1-2,2022-10-30,3
26,1.0,1,136.0,3,3,4,1,1,2,4,2,1,1,2,0.0,0.0,0.0,0.0,13,13,youtube music,metal,26-30,0-1,2022-10-30,3
14,7.0,1,108.0,2,3,3,3,1,2,3,4,3,4,2,7.0,3.0,1.0,2.0,13,15,other streaming service,country,11-15,6-7,2022-10-30,3
21,0.5,0,95.0,1,3,1,3,1,4,1,4,3,4,1,6.0,2.0,2.0,0.0,14,37,i do not use a streaming service.,pop,21-25,0-1,2022-10-30,3
21,2.0,1,147.0,3,3,2,1,1,3,2,3,4,3,3,7.0,6.0,4.0,6.0,22,26,spotify,r&b,21-25,1-2,2022-11-01,3
17,2.0,1,120.0,4,1,3,3,3,2,2,4,1,4,1,7.0,6.0,0.0,9.0,23,24,spotify,rock,16-20,1-2,2022-11-03,3
18,1.0,1,160.0,2,1,1,1,1,2,1,4,1,3,3,3.0,2.0,2.0,5.0,17,31,spotify,pop,16-20,0-1,2022-11-04,3
19,6.0,1,120.0,2,3,2,4,2,3,2,3,3,2,2,2.0,2.0,2.0,2.0,1,55,other streaming service,rap,16-20,5-6,2022-11-09,3
